,name,id,type,price,material,description,colors,sizes,imageCount
0,X511 Skinny Denim,6748358213704,Denim,52.0,98% cotton 2% spandex,"The X511 Skinny Denim Is Designed With Our New X Fit Which Is Skinny Throughout With An Extended Inseam For Stacking, And Features A Light Blue Wash And Custom Distressing At The Knees.",Blue,28/29/30/31/32/33/34/36/38/40/42,9
1,Distressed Spider Denim Shorts,6900020052040,Denim,78.0,100% cotton,"The Distressed Spider Denim Shorts Are Designed With A Relaxed Fit Throughout, Featuring A Vintage Wash And Whiskering Throughout, Distressing Details At The Thigh And Knees, Spider Studding Details At The Hip, And Is Finished Off With Raw Hem.",Washed Black,28/29/30/31/32/33/34/36/38/40/42,8
2,Mojave Denim Shorts,6748357525576,Denim,78.0,100% cotton,"The Mojave Denim Shorts Are Designed With A Relaxed Fit Throughout, Featuring Traditional Five Pocket Denim Details, Raw Hem At The Leg Opening, And Finished With Stud And Jewel Details Along The Outseam.",Vintage Blue,28/29/30/31/32/33/34/36/38/40/42,7
3,Baggy Ripped Denim Shorts,6907634909256,Denim,58.0,100% cotton,"The Baggy Ripped Denim Shorts Are Designed With A Relaxed Fit Throughout, Featuring Traditional Five Pocket Denim Details, Raw Hem At The Leg Opening, And Finished With A Vintage Wash And Distressing Details Throughout.",Vintage Blue,28/29/30/31/32/33/34/36/38/40/42,7
4,B484 Flare Denim,6629513592904,Denim,68.0,100% cotton,"The B484 Flare Denim Are Designed With Our New B Fit, Which Is Slim Through The Thigh And Features A Slight Flare At The Leg Opening And Is Constructed From Medium Washed Blue Denim, Panelling At The Inseam And Outseam From Denim Denim For A Slight Flare, Distressing Details At The Back Of The Leg Openings, And Finished With A Deconstructed Hem.",Blue,28/29/30/31/32/33/34/36/38/40/42,9
5,B118 Work Flare Denim,5863143538760,Denim,56.0,100% cotton,"The B118 Flare Work Denim Are Designed With Our New B Fit, Which Is Slim Through The Thigh And Features A Slight Flare At The Leg Opening And Is Constructed From Washed Black Denim, Work Pants Panelling Removed After Wash For Contrasting Wash Area, Panelling At The Inseam And Outseam For A Slight Flare And Finished With A Deconstructed Hem.",Black,28/29/30/31/32/33/34/36/38/40/42,9
6,X1 Skinny Denim,1672743157832,Denim,52.0,98% cotton 2% spandex,"The X1 Skinny Denim Is Designed With Our New X Fit Which Is Skinny Throughout With An Extended Inseam For Stacking, And Features A Vintage Black Wash And Custom Distressing At The Knees.",Black,28/29/30/31/32/33/34/36/38/40/42,9
7,Snap Baggy Flare Denim,6789015535688,Denim,38.0,84% cotton 16% polyester,"The Snap Baggy Flare Denim Are Designed With A New Baggy Flare Fit, Constructed From Black Denim With A Rinse Wash, Featuring Snap Closures At The Outseam, Extended Inseam For Stacking, And Finished With A Button Placket.",Black,28/29/30/31/32/33/34/36/38/40/42,8
8,X502 Skinny Denim,6734818803784,Denim,56.0,98% cotton 2% spandex,"The X502 Skinny Denim Is Designed With Our New X Fit Which Is Skinny Throughout With An Extended Inseam For Stacking, And Features A Vintage Blue Wash And Custom Distressing At The Knees.",Blue,28/29/30/31/32/33/34/36/38/40/42,9
9,B424 Patch Flare Denim,6589532438600,Denim,38.0,100% cotton,"The B424 Patch Flare Denim Are Designed With Our New B Fit, Which Is Slim Through The Thigh And Features A Slight Flare At The Leg Opening And Is Constructed From Vintage Washed Blue Denim, Patchwork Panelling At The Leg Opening From Contrasting Blue Denim For A Slight Flare And Finished Offset Flare Detail At The Hem.",Blue,28/29/30/31/32/33/34/36/38/40/42,10
10,Sheep Hounded Denim Shorts,6914534604872,Denim,68.0,100% cotton,"The Sheep Hounded Denim Shorts Are Designed With A Relaxed Fit Throughout, Featuring Traditional Five Pocket Denim Details, Finished Hem At The Leg Opening, And Finished With An All Over Print.",Multi,28/29/30/31/32/33/34/36/38/40/42,8
11,Baggy Rave Denim,6799292039240,Denim,68.0,100% cotton,"The Baggy Rave Denim Are Designed With A New Oversized Rave Fit, Constructed From A Washed Denim, Distressing Throughout, And Finished With A Deconstructed Hem.",Blue,28/29/30/31/32/33/34/36/38/40/42,8
12,V633 Cloud Camo Denim,6795873026120,Denim,32.0,100% cotton,"The V633 Cloud Camo Denim Is Designed With Our New V Fit Which Is Relaxed Throughout And Features A Vintage Wash With Sanding Throughout, And Is Finished In A All Over Camo Print.",Camo,28/29/30/31/32/33/34/36/38/40/42,8
13,Ultra Baggy Destroyed Denim,6790232440904,Denim,36.0,100% cotton,"The Ultra Baggy Destroyed Denim Are Designed With A New Oversized Ultra Baggy Fit, Constructed From Denim With A Light Wash With An Oil Wash, Featuring Standard Five Pocket Denim Details, Distressing At The Knees And Finished With A Button Placket.",Vintage Blue,28/29/30/31/32/33/34/36/38/40/42,8
14,Ultra Baggy Chainstitch Denim,6790231457864,Denim,36.0,100% cotton,"The Ultra Baggy Chainstitch Denim Are Designed With A New Oversized Ultra Baggy Fit, Constructed From Denim With A Light Wash, Featuring Standard Five Pocket Denim Details, Chain Stitched Paint Splatter Details Throughout, And Finished With A Button Placket.",Light Blue,28/29/30/31/32/33/34/36/38/40/42,8
15,D152 Cargo Straight Denim,6674820628552,Denim,48.0,100% cotton,"The D152 Cargo Straight Denim Is Designed With Our New D Fit Which Is Relaxed Throughout And An Extended Inseam For Stacking, But Also Has A Slightly Longer Rise And Increased Width In The Thigh From Our Standard D Fit. The D152 Strapped Cargo Denim Also Features Cargo Pockets At The Outseam With Cotton Webbing Closures.",Hunter Camo,28/29/30/31/32/33/34/36/38/40/42,10
16,B556 Flame Flare Denim,6764786483272,Denim,40.0,100% cotton,"The B556 Flame Flare Denim Are Designed With Our New B Fit, Which Is Slim Through The Thigh And Features A Slight Flare At The Leg Opening And Is Constructed From Light Washed Blue Denim, Panelling At The Inseam And Outseam From Contrasting Blue Denim For A Slight Flare And Finished With Contrasting Self Fabric Flame Patchwork.",Blue,28/29/30/31/32/33/34/36/38/40/42,8
17,M588 Snap Slim Denim,6770146869320,Denim,48.0,100% cotton,"The M588 Snap Slim Denim Is Designed With A Relaxed Fit Through The Thigh That Tapers From The Knee To The Ankle With A Black Poly-Cotton Coating And An Extended Inseam For Stacking And Features A Rinse Wash, And Finished With Star Snap Closures That Can Be Left Open For A Slight Flare.",Black,28/29/30/31/32/33/34/36/38/40/42,9
18,B243 Flare Denim,6748357754952,Denim,38.0,100% cotton,"The B243 Flare Denim Are Designed With Our New B Fit, Which Is Slim Through The Thigh And Features A Slight Flare At The Leg Opening And Is Constructed From Washed Brown Duck Twill, Work Pants Panelling Removed After Wash For Contrasting Wash Area, Panelling At The Inseam And Outseam For A Slight Flare, Paint Splatter Throughout, And Finished With A Deconstructed Hem.",Khaki,28/29/30/31/32/33/34/36/38/40/42,8
19,Zipper Teeth Denim Shorts,6907634942024,Denim,64.0,100% cotton,"The Zipper Baggy Denim Shorts Are Designed With A Relaxed Fit Throughout, Extended Inseam Length For A Vintage Inspired Fit, Constructed From A Vintage Washed Blue Cotton Denim, And Finished Off With Zipper Closure Pockets At The Outseam.",Light Blue,28/29/30/31/32/33/34/36/38/40/42,8
20,Baggy Denim,6922651631688,Denim,68.0,100% cotton,"The New Baggy Denim Are Designed With Our New And Updated Baggy Fit, Which Is Relaxed Throughout For Increased Comfort And Updated Look, And Is Constructed From 100% 13 Oz Black Cotton Denim With A Vintage Wash, And Finished With Traditional Five Pocket Denim Details.",Washed Black,28/29/30/31/32/33/34/36/38/40/42,7
21,Ultra Baggy Mojave Denim,6912200769608,Denim,88.0,100% cotton,"The Ultra Baggy Mojave Denim Are Designed With A New Oversized Ultra Baggy Fit, Constructed From Denim With A Vintage Wash, Featuring Standard Five Pocket Denim Details, Distressing At The Knees, A Button Placket, And Finished With Stud And Jewel Details Along The Outseam.",Vintage Blue,28/29/30/31/32/33/34/36/38/40/42,7
22,Flame Denim Shorts,6900020215880,Denim,74.0,100% cotton,"Introducing Our Flame Denim Shorts, Crafted From 100% Cotton Denim For Ultimate Comfort. These Shorts Feature A Standard Fit, Ensuring A Timeless Silhouette. With Intricate Flame And Dual-Tone Detailing, Along With A Distressed Finish, They Exude A Bold And Edgy Style. ",Washed Black,28/29/30/31/32/33/34/36/38/40/42,7
23,Ultra Baggy Mojave Denim,6912200802376,Denim,88.0,100% cotton,"The Ultra Baggy Mojave Denim Are Designed With A New Oversized Ultra Baggy Fit, Constructed From Denim With A Vintage Wash, Featuring Standard Five Pocket Denim Details, Distressing At The Knees, A Button Placket, And Finished With Stud And Jewel Details Along The Outseam.",Washed Black,28/29/30/31/32/33/34/36/38/40/42,8
24,Inside Out Slip off Denim,6901145272392,Denim,88.0,92% cotton 7% polyester 1% spandex,"The Inside Out Slip Off Denim Are Designed With A New Oversized Ultra Baggy Fit, Constructed From Rinsed, Raw Denim, Featuring Standard Five Pocket Denim Details On The Base Layer, A Second, External Layer From Inside Out Denim With Complete Waist Details, And Finished With A Shoestring Belt.",Washed Black,28/29/30/31/32/33/34/36/38/40/42,8
25,Bootcut Denim,6922651664456,Denim,68.0,100% cotton,"The New Bootcut Denim Are Designed With Our New And Updated Bootcut Fit, Which Is Relaxed Through The Thigh And Features A Slight Flare At The Leg Opening And Is Constructed From 100% 13 Oz Black Cotton Denim With A Vintage Wash, And Finished With Traditional Five Pocket Denim Details.",Washed Black,28/29/30/31/32/33/34/36/38/40/42,7
26,Raw Slim Denim,6922651467848,Denim,72.0,92% cotton 7% polyester 1% spandex,"The New Raw Slim Denim Is Made From Deep Indigo 13 Oz Stretch Cotton Denim That Keeps The Look Of Raw With A Single Rinse To Reduce Dye Transfer And Shrinkage. The Color Stays Rich, The Structure Stays Sharp, And The Fabric Softens Slightly For A More Comfortable Wear From Day One. These Slim Denim Are Designed With Our New And Updated Slim Fit, Which Is Slim Throughout For An Updated Look, And Finished With Traditional Five Pocket Denim Details.",Rinsed Indigo,28/29/30/31/32/33/34/36/38/40/42,7
27,Ultra Baggy Orange Dusted Denim,6901144191048,Denim,74.0,100% cotton,"The Ultra Baggy Orange Dusted Denim Are Designed With A New Oversized Ultra Baggy Fit, Constructed From Denim With A Vintage Light Wash With An Oil Wash, Featuring Standard Five Pocket Denim Details, Distressing At The Knees And Finished With A Button Placket.",Blue,28/29/30/31/32/33/34/36/38/40/42,7
28,Raw Bootcut Denim,6922651828296,Denim,74.0,100% cotton,"The New Raw Bootcut Denim Is Made From Deep Black 13 Oz Cotton Denim That Keeps The Look Of Raw With A Single Rinse To Reduce Dye Transfer And Shrinkage. The Color Stays Rich, The Structure Stays Sharp, And The Fabric Softens Slightly For A More Comfortable Wear From Day One. These Bootcut Denim Are Designed With Our New And Updated Bootcut Fit, Which Is Relaxed Through The Thigh And Features A Slight Flare At The Leg Opening And Are Finished With Traditional Five Pocket Denim Details.",Rinsed Black,28/29/30/31/32/33/34/36/38/40/42,7
29,Raw Skinny Denim,6922651697224,Denim,72.0,92% cotton 7% polyester 1% spandex,"The New Raw Skinny Denim Is Made From Deep Black 13 Oz Stretch Cotton Denim That Keeps The Look Of Raw With A Single Rinse To Reduce Dye Transfer And Shrinkage. The Color Stays Rich, The Structure Stays Sharp, And The Fabric Softens Slightly For A More Comfortable Wear From Day One. These Skinny Denim Are Designed With Our New And Updated Skinny Fit, Which Is Skinny Throughout For Increased Comfort And Updated Look, And Are Finished With Traditional Five Pocket Denim Details.",Rinsed Black,28/29/30/31/32/33/34/36/38/40/42,8
30,Skinny Denim,6922651533384,Denim,64.0,92% cotton 7% polyester 1% spandex,"The New Skinny Denim Are Designed With Our New And Updated Skinny Fit, Which Is Skinny Throughout For Increased Comfort And Updated Look, And Is Constructed From Stretch 13 Oz Black Cotton Denim With A Vintage Wash, And Finished With Traditional Five Pocket Denim Details.",Washed Black,28/29/30/31/32/33/34/36/38/40/42,7
31,Slim Denim,6922651041864,Denim,64.0,92% cotton 7% polyester 1% spandex,"The New Slim Denim Are Designed With Our New And Updated Slim Fit, Which Is Slim Throughout For An Updated Look, And Is Constructed From 13 Oz Indigo Stretch Cotton Denim With A Light Vintage Wash, And Finished With Traditional Five Pocket Denim Details.",Light Vintage,28/29/30/31/32/33/34/36/38/40/42,8
32,Bootcut Denim,6922650976328,Denim,68.0,100% cotton,"The New Bootcut Denim Are Designed With Our New And Updated Bootcut Fit, Which Is Relaxed Through The Thigh And Features A Slight Flare At The Leg Opening And Is Constructed From 100% 13 Oz Indigo Cotton Denim With A Light Vintage Wash, And Finished With Traditional Five Pocket Denim Details.",Light Blue,28/29/30/31/32/33/34/36/38/40/42,9
33,Straight Denim,6922650910792,Denim,68.0,100% cotton,"The New Straight Denim Are Designed With Our New And Updated Relaxed Fit, Which Is Relaxed Throughout For Increased Comfort And Updated Look, And Is Constructed From 100% 13 Oz Indigo Cotton Denim With A Light Vintage Wash, And Finished With Traditional Five Pocket Denim Details.",Light Blue,28/29/30/31/32/33/34/36/38/40/42,8
34,Skinny Denim,6922650878024,Denim,64.0,92% cotton 7% polyester 1% spandex,"The New Skinny Denim Are Designed With Our New And Updated Skinny Fit, Which Is Skinny Throughout For Increased Comfort And Updated Look, And Is Constructed From Stretch 13 Oz Indigo Cotton Denim With A Light Vintage Wash, And Finished With Traditional Five Pocket Denim Details.",Light Blue,28/29/30/31/32/33/34/36/38/40/42,8
35,Ultra Baggy Denim Cargo Pants,6901145108552,Denim,88.0,100% cotton,"The Ultra Baggy Denim Cargo Pants Are Designed With A New Oversized Ultra Baggy Fit, Constructed From An Olive Colored Denim With A Rinse Wash, Featuring Cargo Pockets Throughout With Snap Closures, Gusseting At The Knees, And Finished With A Button Placket.",Olive,28/29/30/31/32/33/34/36/38/40/42,7
36,Ultra Baggy & Wrinkled Denim,6897169170504,Denim,74.0,100% cotton,"The Ultra Baggy & Wrinkled Denim Are Designed With A New Oversized Ultra Baggy Fit, Constructed From Denim With A Vintage Wash, Featuring Standard Five Pocket Denim Details, And Finished With A Button Placket.",Blue,28/29/30/31/32/33/34/36/38/40/42,8
37,Slim Denim,6922651271240,Denim,64.0,92% cotton 7% polyester 1% spandex,"The New Slim Denim Are Designed With Our New And Updated Slim Fit, Which Is Slim Throughout For An Updated Look, And Is Constructed From 13 Oz Indigo Stretch Cotton Denim With A Vintage Wash, And Finished With Traditional Five Pocket Denim Details.",Vintage Blue,28/29/30/31/32/33/34/36/38/40/42,7
38,Straight Denim,6922651205704,Denim,68.0,100% cotton,"The New Straight Denim Are Designed With Our New And Updated Relaxed Fit, Which Is Relaxed Throughout For Increased Comfort And Updated Look, And Is Constructed From 100% 13 Oz Indigo Cotton Denim With A Medium Vintage Wash, And Finished With Traditional Five Pocket Denim Details.",Medium Blue,28/29/30/31/32/33/34/36/38/40/42,7
39,X738 Chewed Up Denim,6914534735944,Denim,68.0,98% cotton 2% spandex,"The X738 Chewed Up Denim Is Designed With Our New X Fit Which Is Skinny Throughout With An Extended Inseam For Stacking, And Features A Vintage Indigo Wash And  Distressing At The Knees And Thighs.",Stone Washed Shadow,28/29/30/31/32/33/34/36/38/40/42,7
40,Ultra Baggy Bandana Patch Denim,6907634843720,Denim,98.0,100% cotton,"The Ultra Baggy Bandana Patch Denim Are Designed With A New Oversized Ultra Baggy Fit, Constructed From Black Denim With A Vintage Wash, Featuring Standard Five Pocket Denim Details, Distressing And Repair Details, Paisley Printed Patches In Multiple Colors Throughout, And Finished With A Button Placket.",Washed Black,28/29/30/31/32/33/34/36/38/40/42,7
41,Straight Denim,6922651598920,Denim,68.0,100% cotton,"The New Straight Denim Are Designed With Our New And Updated Relaxed Fit, Which Is Relaxed Throughout For Increased Comfort And Updated Look, And Is Constructed From 100% 13 Oz Black Cotton Denim With A Vintage Wash, And Finished With Traditional Five Pocket Denim Details.",Washed Black,28/29/30/31/32/33/34/36/38/40/42,8
42,Bootcut Denim,6922651435080,Denim,68.0,100% cotton,"The New Bootcut Denim Are Designed With Our New And Updated Bootcut Fit, Which Is Relaxed Through The Thigh And Features A Slight Flare At The Leg Opening And Is Constructed From 100% 13 Oz Indigo Cotton Denim With A Dark Vintage Wash, And Finished With Traditional Five Pocket Denim Details.",Dark Vintage,28/29/30/31/32/33/34/36/38/40/42,9
43,Skinny Denim,6922651172936,Denim,64.0,92% cotton 7% polyester 1% spandex,"The New Skinny Denim Are Designed With Our New And Updated Skinny Fit, Which Is Skinny Throughout For Increased Comfort And Updated Look, And Is Constructed From Stretch 13 Oz Indigo Cotton Denim With A Medium Vintage Wash, And Finished With Traditional Five Pocket Denim Details.",Medium Blue,28/29/30/31/32/33/34/36/38/40/42,8
44,Baggy Dust Stone Denim Shorts,6914534899784,Denim,58.0,100% cotton,"The Baggy Dust Stone Denim Shorts Are Designed With A Baggy Fit Throughout, Featuring Traditional Five Pocket Denim Details, Completed Hem At The Leg Opening, And Finished With A Vintage Wash With Whiskering And A Vintage Tint.",Vintage Blue,28/29/30/31/32/33/34/36/38/40/42,8
45,Raw Straight Denim,6922651762760,Denim,74.0,100% cotton,"The New Raw Straight Denim Is Made From Deep Black 13 Oz Cotton Denim That Keeps The Look Of Raw With A Single Rinse To Reduce Dye Transfer And Shrinkage. The Color Stays Rich, The Structure Stays Sharp, And The Fabric Softens Slightly For A More Comfortable Wear From Day One. These Straight Denim Are Designed With Our New And Updated Relaxed Fit, Which Is Relaxed Throughout For Increased Comfort And Updated Look, And Finished With Traditional Five Pocket Denim Details.",Rinsed Black,28/29/30/31/32/33/34/36/38/40/42,7
46,Slim Denim,6922651566152,Denim,64.0,92% cotton 7% polyester 1% spandex,"The New Slim Denim Are Designed With Our New And Updated Slim Fit, Which Is Slim Throughout For An Updated Look, And Is Constructed From 13 Oz Black Stretch Cotton Denim With A Vintage Wash, And Finished With Traditional Five Pocket Denim Details.",Washed Black,28/29/30/31/32/33/34/36/38/40/42,7
47,Raw Baggy Denim,6922651500616,Denim,74.0,100% cotton,"The New Raw Baggy Denim Is Made From Deep Indigo 13 Oz Cotton Denim That Keeps The Look Of Raw With A Single Rinse To Reduce Dye Transfer And Shrinkage. The Color Stays Rich, The Structure Stays Sharp, And The Fabric Softens Slightly For A More Comfortable Wear From Day One. These Baggy Denim Are Designed With Our New And Updated Baggy Fit, Which Is Relaxed Throughout For Increased Comfort And Updated Look, And Is Finished With Traditional Five Pocket Denim Details.",Rinsed Indigo,28/29/30/31/32/33/34/36/38/40/42,8
48,Straight Denim,6922651369544,Denim,68.0,100% cotton,"The New Straight Denim Are Designed With Our New And Updated Relaxed Fit, Which Is Relaxed Throughout For Increased Comfort And Updated Look, And Is Constructed From 100% 13 Oz Indigo Cotton Denim With A Dark Vintage Wash, And Finished With Traditional Five Pocket Denim Details.",Dark Vintage,28/29/30/31/32/33/34/36/38/40/42,7
49,Baggy Denim,6922651238472,Denim,68.0,100% cotton,"The New Baggy Denim Are Designed With Our New And Updated Baggy Fit, Which Is Relaxed Throughout For Increased Comfort And Updated Look, And Is Constructed From 100% 13 Oz Indigo Cotton Denim With A Medium Vintage Wash, And Finished With Traditional Five Pocket Denim Details.",Medium Blue,28/29/30/31/32/33/34/36/38/40/42,8
50,Baggy Denim,6922650943560,Denim,68.0,100% cotton,"The New Baggy Denim Are Designed With Our New And Updated Baggy Fit, Which Is Relaxed Throughout For Increased Comfort And Updated Look, And Is Constructed From 100% 13 Oz Indigo Cotton Denim With A Light Vintage Wash, And Finished With Traditional Five Pocket Denim Details.",Light Blue,28/29/30/31/32/33/34/36/38/40/42,9
51,Baggy Zipper Denim Shorts,6917813239880,Denim,78.0,100% cotton,"The Baggy Zipper Denim Shorts Are Designed With A Relaxed Fit Throughout, Extended Inseam Length For A Vintage Inspired Fit, Constructed From A Vintage Washed Black Cotton Denim, And Finished Off With Zipper Closure Pockets Throughtout.",Black,28/29/30/31/32/33/34/36/38/40/42,7
52,V724 Baggy Choir Denim,6907635204168,Denim,68.0,100% cotton,The V724 Baggy Chore Denim Is Designed With Our Updated V Fit Which Is More Relaxed Throughout Than Our Initial V Fit And Features Vintage Wash Base With Sanding And Whiskering Details Throughout.,Washed Black,28/29/30/31/32/33/34/36/38/40/42,8
53,Ultra Baggy Channel Cargo Denim,6901145075784,Denim,108.0,100% cotton,"The Ultra Baggy Channel Cargo Denim Are Designed With A New Oversized Ultra Baggy Fit, Constructed From A Natural Colored Denim With A Rinse Wash, Featuring Cargo Pockets Throughout With Snap Closures, Paneled Details At The Knee And Shin, And Finished With A Button Placket.",Tan,28/29/30/31/32/33/34/36/38/40/42,8
54,Raw Baggy Denim,6922651795528,Denim,74.0,100% cotton,"The New Raw Baggy Denim Is Made From Deep Black 13 Oz Cotton Denim That Keeps The Look Of Raw With A Single Rinse To Reduce Dye Transfer And Shrinkage. The Color Stays Rich, The Structure Stays Sharp, And The Fabric Softens Slightly For A More Comfortable Wear From Day One. These Baggy Denim Are Designed With Our New And Updated Baggy Fit, Which Is Relaxed Throughout For Increased Comfort And Updated Look, And Is Finished With Traditional Five Pocket Denim Details.",Rinsed Black,28/29/30/31/32/33/34/36/38/40/42,7
55,Skinny Denim,6922651336776,Denim,64.0,92% cotton 7% polyester 1% spandex,"The New Skinny Denim Are Designed With Our New And Updated Skinny Fit, Which Is Skinny Throughout For Increased Comfort And Updated Look, And Is Constructed From Stretch 13 Oz Indigo Cotton Denim With A Dark Vintage Wash, And Finished With Traditional Five Pocket Denim Details.",Dark Vintage,28/29/30/31/32/33/34/36/38/40/42,8
56,Ultra Baggy Dried Denim,6917813895240,Denim,76.0,100% cotton,"The Ultra Baggy Dried Denim Are Designed With A New Oversized Ultra Baggy Fit, Constructed From Black Denim With A Vintage Wash With Sanding Throughout, Featuring Standard Five Pocket Denim Details, And Finished With A Button Placket.",Washed Black,28/29/30/31/32/33/34/36/38/40/42,8
57,Ultra Baggy Denim on Denim,6914534342728,Denim,42.0,100% cotton,"The Ultra Baggy Denim On Denim Are Designed With A New Oversized Ultra Baggy Fit, Constructed From Contrasting Black And Medium Washed Blue Denim, The Black Top Layer Extends Past The Knee And Has A Raw Edge, Featuring Standard Five Pocket Denim Details, And Finished With A Button Placket.",Black/Blue,28/29/30/31/32/33/34/36/38/40/42,8
58,Ultra Baggy RK2 Denim,6916542824520,Denim,76.0,100% cotton,"The Ultra Baggy Rk2 Denim Are Designed With A New Oversized Ultra Baggy Fit, Constructed From Denim With A Light, Vintage, Wash With Staining Throughout, Featuring Standard Five Pocket Denim Details, And Finished With A Button Placket.",Light Blue,28/29/30/31/32/33/34/36/38/40/42,8
59,Ultra Baggy Inverted Denim,6914534801480,Denim,68.0,100% cotton,"The Ultra Baggy Inverted Denim Are Designed With A New Oversized Ultra Baggy Fit, Constructed From Rinsed Denim With Exposed Internal Face Panelling On The Front, Featuring Piping Details Down The Outseam, And Finished With A Button Placket.",Navy,28/29/30/31/32/33/34/36/38/40/42,7
60,X738 Chewed Up Denim,6914534670408,Denim,68.0,98% cotton 2% spandex,"The X738 Chewed Up Denim Is Designed With Our New X Fit Which Is Skinny Throughout With An Extended Inseam For Stacking, And Features A Vintage Black Wash And  Distressing At The Knees And Thighs.",Washed Black,28/29/30/31/32/33/34/36/38/40/42,7
61,V730 Goblin Split Denim,6901145239624,Denim,78.0,100% cotton,"The V730 Goblin Split Denim Is Designed With Our Updated V Fit Which Is More Relaxed Throughout Than Our Initial V Fit, Featuring An Water Rinse On Top Of A Vintage Wash With Sanding Details Throughout, Constructed From 100% Cotton Denim, And Finished With Work Pant Details Throughout.",Washed Black,28/29/30/31/32/33/34/36/38/40/42,8
62,Ultra Baggy Pocketeer Denim,6901145206856,Denim,88.0,100% cotton,"The Ultra Baggy Pocketeer Denim Is Designed With Our New Oversized Ultra Baggy Fit, Constructed From 100% Cotton Denim With A Vintage Wash, Cargo Pocketing Throughout, And Finished With A Button Placket.",Burgundy,28/29/30/31/32/33/34/36/38/40/42,8
63,Ultra Baggy Pocketeer Denim,6901145174088,Denim,88.0,100% cotton,"The Ultra Baggy Pocketeer Denim Is Designed With Our New Oversized Ultra Baggy Fit, Constructed From 100% Cotton Denim With A Vintage Wash, Cargo Pocketing Throughout, And Finished With A Button Placket.",Khaki,28/29/30/31/32/33/34/36/38/40/42,7
64,Ultra Baggy Pocketeer Denim,6901145141320,Denim,88.0,100% cotton,"The Ultra Baggy Pocketeer Denim Is Designed With Our New Oversized Ultra Baggy Fit, Constructed From 100% Cotton Denim With A Vintage Wash, Cargo Pocketing Throughout, And Finished With A Button Placket.",Washed Black,28/29/30/31/32/33/34/36/38/40/42,7
65,Ultra Baggy Grid Lock Denim,6901144584264,Denim,108.0,100% cotton,"The Ultra Baggy Grid Lock Denim Are Designed With A New Oversized Ultra Baggy Fit, Constructed From A Tan Denim With A Vintage Wash, Featuring Cargo Pocket Details Throughout And Finished With Exposed Zipper Details Down The Legs.",Brown,28/29/30/31/32/33/34/36/38/40/42,7
66,X504 Stretch Skinny Denim,6734906753096,Denim,56.0,98% cotton 2% spandex,"The X504 Stretch Skinny Denim Is Designed With Our New X Fit Which Is  Skinny Throughout With An Extended Inseam For Stacking, And Features A Vintage Wash  And Paint Details Throughout.",Grey,28/29/30/31/32/33/34/36/38/40/42,9
67,V647 Baggy Patchwork Denim,6806477013064,Denim,100.0,100% cotton,"The V647 Baggy Patchwork Denim Is Designed With Our Updated V Fit Which Is More Relaxed Throughout Than Our Initial V Fit, Featuring A Vintage Wash Base With Embroidered Patchwork Details Throughout, Constructed From 100% Cotton Denim, And Finished With A Deconstructed Leg Opening.",Blue/Multi,28/29/30/31/32/33/34/36/38/40/42,9
68,B476 Flare Denim,6620506849352,Denim,68.0,100% cotton,"The B476 Flare Denim Are Designed With Our New B Fit, Which Is Slim Through The Thigh And Features A Slight Flare At The Leg Opening And Is Constructed From Washed Black Denim, Contrast Panelling At The Inseam And Outseam From Contrasting Denim For A Slight Flare And Finished With A Deconstructed Hem.",Black,28/29/30/31/32/33/34/36/38/40/42,10
69,B384 Metal Eyelet Flare Denim,6790232637512,Denim,34.0,100% cotton,"The B384 Metal Eyelet Flare Denim Are Designed In Our B Fit, Which Is Relaxed Through The Thigh And Features A Slight Flare At The Leg Opening And Is Constructed From Vintage Washed Blue Denim, Distressing At The Wearer'S Knees, And Finished With A Grommet Details At The Hip.",Rust,28/29/30/31/32/33/34/36/38/40/42,8
70,V381 Baggy Denim,6790232178760,Denim,34.0,100% cotton,The V381 Baggy Denim Is Designed With Our Updated V Fit Which Is More Relaxed Throughout Than Our Initial V Fit And Features Vintage Wash Base With Contrasting Panels Throughout With Raw Edges.,Blue,28/29/30/31/32/33/34/36/38/40/42,9
71,V602 Thrashed Carpenter Pants,6773226471496,Denim,42.0,100% cotton,"The V602 Thrashed Carpenter Pants Is Designed With Our New V Fit Which Is Relaxed Throughout And Features A Vintage Wash, Sanding And Whiskering Throughout, And Finished With Distressing And Paint Details Throughout.",Brown,28/29/30/31/32/33/34/36/38/40/42,8
72,M11 Slim Denim,8097004033,Denim,56.0,100% cotton,"The M11 Slim Denim Is Designed With A Relaxed Fit Through The Thigh That Tapers From The Knee To The Ankle With A Black Poly-Cotton Coating, Finishing Off With A 10"" Concealed Zipper On The Inseam And A Rear Calf Panel For A Carefully Optimized Fit.",Black,28/29/30/31/32/33/34/36/38/40,8
73,X514 Skinny Stacked Denim,6752484032584,Denim,32.0,98% cotton 2% spandex,"The X514 Skinny Stacked Denim Is Designed With Our New X Fit Which Is Skinny Throughout With An Extended Inseam For Stacking And A Flare At The Leg Opening, Constructed From Stretch Denim, And Finished With A Light Garment Wash For Improved Hand Feel.",White,28/29/30/31/32/33/34/36/38/40/42,8
74,Ultra Baggy Decimated Denim,6812659941448,Denim,38.0,100% cotton,"The Ultra Baggy Decimated Denim Are Designed With A New Oversized Ultra Baggy Fit, Constructed From Denim With A Vintage Wash, Extensive Distressing Throughout, Featuring Standard Five Pocket Denim Details, And Finished With A Button Placket.",Blue,28/29/30/31/32/33/34/36/38/40/42,8
75,D519 Leather Zipper Flare Pants,6790232735816,Denim,76.0,100% polyester,"The D519 Leather Zipper Flare Denim Is Designed With Our D Fit Which Is Straight Throughout, Zipper Detail Extending From The Thigh To The Shin To Provide A Flare Fit Through The Leg, And Is Constructed From A Black Vegan Leather.",Black,28/29/30/31/32/33/34/36/38/40/42,8
76,V624 Snap Off Baggy Pants,6776948424776,Denim,40.0,100% cotton,"The V624 Snap Off Baggy Pants Are Designed With Our Updated V Fit Which Is More Relaxed Throughout Than Our Initial V Fit, Featuring A Heavy Vintage Wash With Whiskering Details Throughout, Constructed From 100% Cotton Twill, And Finished With Work Panelling That Is Attached To The Front With Buttons On Both The Inseam And Outseam.",Brown,28/29/30/31/32/33/34/36/38/40/42,8
77,B575 Western Crosshatch Flare Denim,6770145296456,Denim,42.0,100% cotton,"Introducing The B575 Western Crosshatch Flare Denim, Crafted From A Cotton Denim With A Relaxed Fit Through The Thigh And A Distinct Flare At The Leg Opening. The Jacquard Patterned Blue Denim Base Undergoes A Vintage Light Wash, Achieving A Brushed Texture That’S Both Visually Striking And Pleasing To The Touch. Embrace A Blend Of Traditional Western Aesthetics And Contemporary Flair With These Standout Jeans.",Blue,28/29/30/31/32/33/34/36/38/40/42,8
78,D152 Cargo Straight Denim,6629448679496,Denim,44.0,100% cotton,"The Dd152 Cargo Straight Denim Is Designed With Our New D Fit Which Is Relaxed Throughout And An Extended Inseam For Stacking, But Also Has A Slightly Longer Rise And Increased Width In The Thigh From Our Standard D Fit. The D152 Strapped Cargo Denim Also Features Cargo Pockets At The Outseam With Cotton Webbing Closures.",Brown,28/29/30/31/32/33/34/36/38/40/42,8
79,X607 Painted Skinny Denim,6773226766408,Denim,68.0,98%cotton 2%spandex,"The X607 Painted Skinny Denim Is Designed With Our X Fit, Which Is Skinny Throughout With An Extended Inseam For Stacking, And Features A Vintage Blue Wash With A Dirt Tint, Paint Details Throughout, And Finished With Distressing Details.",Blue,28/29/30/31/32/33/34/36/38/40/42,8
80,D152 Cargo Pants,6766123647048,Bottoms,62.0,98% cotton 2% spandex,"The D152 Cargo Pants Has A Relaxed Fit Throughout And An Extended Inseam For Stacking, With A Slightly Longer Rise And Increased Width In The Thigh From Our Standard D Fit. The D152 Strapped Cargo Denim Also Features Cargo Pockets At The Outseam With Cotton Webbing Closures And A Split Hem For Improved Stacking.",Woodland Camo,28/29/30/31/32/33/34/36/38/40/42,8
81,X565 Skinny Denim,6764787793992,Denim,52.0,98%cotton 2%spandex,"The X565 Skinny Denim Is Designed With Our New X Fit Which Is Skinny Throughout With An Extended Inseam For Stacking, And Features A Vintage Black Wash And Custom Distressing Details Throughout.",Black,28/29/30/31/32/33/34/36/38/40/42,8
82,D152 Cargo Straight Denim,6541383958600,Denim,62.0,100% cotton,"The D152 Cargo Straight Denim Is Designed With Our New D Fit Which Is Relaxed Throughout And An Extended Inseam For Stacking, But Also Has A Slightly Longer Rise And Increased Width In The Thigh From Our Standard D Fit. The D152 Strapped Cargo Denim Also Features Cargo Pockets At The Outseam With Cotton Webbing Closures.",Black,28/29/30/31/32/33/34/36/38/40/42,10
83,Baggy Rip Denim Shorts,6803404456008,Denim,54.0,100% cotton,"The Baggy Rip Denim Shorts Are Designed With A Relaxed Fit Throughout, Featuring Traditional Five Pocket Denim Details, Raw Hem At The Leg Opening, And Finished With A Vintage Wash And Distressing Details Throughout.",Washed Black,28/29/30/31/32/33/34/36/38/40/42,8
84,Baggy Rip Denim Shorts,6803404390472,Denim,54.0,100% cotton,"The Baggy Rip Denim Shorts Are Designed With A Relaxed Fit Throughout, Featuring Traditional Five Pocket Denim Details, Raw Hem At The Leg Opening, And Finished With A Vintage Wash And Distressing Details Throughout.",Vintage Blue,28/29/30/31/32/33/34/36/38/40/42,8
85,B387 Rugged Flare Denim,6797012500552,Denim,44.0,100% cotton,"The B387 Rugged Flare Denim Are Designed In Our B Fit, Which Is Relaxed Through The Thigh And Features A Slight Flare At The Leg Opening And Is Constructed From A Natural Blue Denim Fabric With A Medium Wash, Embroidery And Quilting Details Throughout, And Finished With A Traditional Hem.",Multi,28/29/30/31/32/33/34/36/38/40/42,9
86,B243 Flare Denim,6629448613960,Denim,64.0,100% cotton,"The B243 Flare Denim Are Designed With Our New B Fit, Which Is Slim Through The Thigh And Features A Slight Flare At The Leg Opening And Is Constructed From Washed Brown Duck Twill, Work Pants Panelling Removed After Wash For Contrasting Wash Area, Panelling At The Inseam And Outseam For A Slight Flare, Paint Splatter Throughout, And Finished With A Deconstructed Hem.",Black,28/29/30/31/32/33/34/36/38/40/42,8
87,B647 Cargo Seamed Flare Denim,6827470028872,Denim,48.0,100% cotton,"The B647 Cargo Seamed Flare Denim Are Designed With Our New B Fit, Which Is Slim Through The Thigh And Features A Slight Flare At The Leg Opening And Is Constructed From 100% Cotton ""Crackle"" Like Denim With A Vintage Wash, And Finished With Ultra Cargo Pockets On The Side Seam.",Grey,28/29/30/31/32/33/34/36/38/40/42,9
88,Ultra Baggy Upcycled Denim,6812660039752,Denim,48.0,100% cotton,"The Ultra Baggy Upcycled Denim Are Designed With A New Oversized Ultra Baggy Fit, Constructed From Denim With A Vintage Wash, Panelling Details Throughout For A Recycled Look, Featuring Standard Five Pocket Denim Details, And Finished With A Button Placket.",Blue,28/29/30/31/32/33/34/36/38/40/42,9
89,D519 Zipper Flare Denim,6774724689992,Denim,64.0,100% cotton,"The D519 Zipper Flare Denim Is Designed With Our D Fit Which Is Straight Throughout, Zipper Detail Extending From The Thigh To The Shin To Provide A Flare Fit Through The Leg, And Is Constructed From Black Denim.",Vintage Blue,28/29/30/31/32/33/34/36/38/40/42,8
90,X514 Skinny Stacked Denim,6752483967048,Denim,64.0,98% cotton 2% spandex,"The X514 Skinny Stacked Denim Is Designed With Our New X Fit Which Is Skinny Throughout With An Extended Inseam For Stacking And A Flare At The Leg Opening, Constructed From Stretch Denim, And Finished With A Vintage Wash For Improved Hand Feel.",Medium Blue,28/29/30/31/32/33/34/36/38/40/42,8
91,Ultra Baggy Distressed Denim,6832124362824,Denim,36.0,100% cotton,"The Ultra Baggy Distressed Denim Are Designed With A New Oversized Ultra Baggy Fit, Constructed From Denim With A Vintage Wash, Featuring Standard Five Pocket Denim Details, Distressing Throughout And Finished With A Button Placket.",Vintage Black,28/29/30/31/32/33/34/36/38/40/42,9
92,B648 Side Pinned Flare Denim,6827470127176,Denim,42.0,100% cotton,"The B648 Side Pinned Flare Denim Is Designed With Our New B Fit, Which Is Slim Through The Thigh And Features A Slight Flare At The Leg Opening. It Is Constructed From 100% Cotton, Vintage Charcoal Washed Denim, And Finished With Technical Pinning Along The Inseam And Out-Seam To Reveal A ""Ripple"" Effect.",Washed Black,28/29/30/31/32/33/34/36/38/40/42,9
93,B649 Ground Moss Flare Denim,6812660072520,Denim,60.0,100% cotton,"The B649 Ground Moss Flare Denim Are Designed In Our B Fit, Which Is Relaxed Through The Thigh And Features A Slight Flare At The Leg Opening And Is Constructed From Washed Olive Work Twill, Heavy Sanding Details Throughout For A More Vintage Feel And Look, And Finished With A Traditional Hem.",Moss,28/29/30/31/32/33/34/36/38/40/42,7
94,B638 Ethereal Flare Rip Denim,6804507394120,Denim,46.0,100%cotton,"The B638 Ethereal Flare Rip Denim Are Designed In Our B Fit, Which Is Relaxed Through The Thigh And Features A Slight Flare At The Leg Opening And Is Constructed From Washed Blue Denim, Heavy Sanding Details Throughout For A More Vintage Feel And Look, And Finished With A Exposed Edge Panelling.",Medium Blue,28/29/30/31/32/33/34/36/38/40/42,8
95,B639 Old English Flare Denim,6803404193864,Denim,38.0,100% cotton,"The B639 Old English Flare Denim Are Designed With Our New B Fit, Which Is Relaxed Through The Thigh And Features A Slight Flare At The Leg Opening And Is Constructed From Light Washed Blue Denim, Panelling At The Inseam And Outseam From Self Fabric For A Slight Flare, A Deconstructed Hem, And Finished With Bleached Repeating Pattern In An Old English Font Throughout.",Medium Blue,28/29/30/31/32/33/34/36/38/40/42,9
96,Ultra Baggy Distressed Denim,6790231556168,Denim,72.0,100% cotton,"The Ultra Baggy Distressed Denim Are Designed With A New Oversized Ultra Baggy Fit, Constructed From Denim With A Light Wash, Featuring Standard Five Pocket Denim Details, Distressing Details Throughout With Black Repair Panels, And Finished With A Button Placket.",Vintage Blue,28/29/30/31/32/33/34/36/38/40/42,9
97,X597 Paneled Skinny Stacked Denim,6773226307656,Denim,40.0,68% cotton 20% polyester 11% viscose 1% spandex,"The X597 Paneled Skinny Stacked Denim Is Designed With Our New X Fit Which Is Skinny Throughout With An Extended Inseam For Stacking And A Flare At The Leg Opening, Constructed From Stretch Denim, And Finished With A Tonal Panels Throughout With Exposed Seams.",Black,28/29/30/31/32/33/34/36/38/40/42,9
98,Allover Frayed Denim Shorts,6763898404936,Denim,48.0,100% cotton,"The Allover Frayed Denim Shorts Are Designed With A Relaxed Fit Throughout, Featuring A Vintage Wash, Exposed And Raw Seams Throughout, And Finished Off With Raw Hem.",Blue,28/29/30/31/32/33/34/36/38/40/42,8
99,M524 Slim Stacked Denim,6762360275016,Denim,48.0,98% cotton 2% spandex,"The M524 Slim Stacked Denim Is Designed With Our M Fit Which Is Slim Throughout With An Extended Inseam For Stacking And A Flare At The Leg Opening, Constructed From Stretch Denim, And Finished With A Light Garment Wash For Improved Hand Feel.",Washed Black,28/29/30/31/32/33/34/36/38/40/42,8
100,Frayed Denim Shorts,6734817820744,Bottoms,24.0,100% cotton,"The Frayed Denim Shorts Are Designed With A Relaxed Fit Throughout, Featuring A Garment Washed Denim Fabric, And Finished Off With Raw Hem.",Green,28/29/30/31/32/33/34/36/38/40/42,15
101,Ultra Baggy Oil Stain Denim,6824071266376,Denim,46.0,100% cotton,"The Ultra Baggy Oil Stain Denim Are Designed With A New Oversized Ultra Baggy Fit, Constructed From Denim With A Light Wash With An Dark Natural Tint, Featuring Standard Five Pocket Denim Details, And Finished With A Button Placket.",Vintage Blue,28/29/30/31/32/33/34/36/38/40/42,8
102,Distressed Spider Denim Shorts,6800818241608,Denim,78.0,100% cotton,"The Distressed Spider Denim Shorts Are Designed With A Relaxed Fit Throughout, Featuring A Vintage Wash And Whiskering Throughout, Distressing Details At The Thigh And Knees, Spider Studding Details At The Hip, And Is Finished Off With Raw Hem.",Light Blue,28/29/30/31/32/33/34/36/38/40/42,9
103,D519 Zipper Flare Denim,6774724821064,Denim,48.0,100% cotton,"The D519 Zipper Flare Denim Is Designed With Our D Fit Which Is Straight Throughout, Zipper Detail Extending From The Thigh To The Shin To Provide A Flare Fit Through The Leg, And Is Constructed From Black Denim.",Grey,28/29/30/31/32/33/34/36/38/40/42,8
104,B572 Studded Flare Denim,6770144215112,Denim,48.0,100% cotton,"The B572 Studded Flare Denim Are Designed With Our New B Fit, Which Is Relaxed Through The Thigh And Features A Slight Flare At The Leg Opening And Is Constructed From Washed Black Denim, Panelling At The Inseam And Outseam From Contrasting Denim For A Slight Flare, A Deconstructed Hem, And Is Finished With Stud Details Entirely Covering The Outside Panel.",Black,28/29/30/31/32/33/34/36/38/40/42,8
105,B570 Flare Denim,6766123745352,Denim,64.0,100% cotton,"The B570 Flare Denim Are Designed With Our New B Fit, Which Is Slim Through The Thigh And Features A Slight Flare At The Leg Opening And Is Constructed From Light Washed Blue Denim, Panelling At The Inseam And Outseam From Blue Denim For A Slight Flare, Distressing Throughout, And Finished With A Deconstructed Hem.",Blue,28/29/30/31/32/33/34/36/38/40/42,8
106,Baggy Rave Denim,6764785565768,Denim,68.0,100% cotton,"The Baggy Rave Denim Are Designed With A New Oversized Rave Fit, Constructed From A Washed Denim, Distressing Throughout, And Finished With A Deconstructed Hem.",Light Blue,28/29/30/31/32/33/34/36/38/40/42,8
107,B531 Carpenter Flare Denim,6763898175560,Denim,68.0,100% cotton,"The B531 Carpenter Flare Denim Are Designed With Our New B Fit, Which Is Slim Through The Thigh And Features A Slight Flare At The Leg Opening And Is Constructed From Washed Blue Denim, Panelling At The Inseam And Outseam From Tonal Denim For A Slight Flare And Finished With A Deconstructed Hem.",Blue,28/29/30/31/32/33/34/36/38/40/42,8
108,Ultra Baggy Denim,6753055539272,Denim,68.0,100% cotton,"The Ultra Baggy Denim Are Designed With A New Oversized Ultra Baggy Fit, Constructed From Denim With A Light Wash, Featuring Standard Five Pocket Denim Details, And Finished With A Button Placket.",Light Blue,28/29/30/31/32/33/34/36/38/40/42,8
109,M11 Slim Denim,6674820595784,Denim,42.0,100% cotton,"The M11 Slim Denim Is Designed With A Relaxed Fit Through The Thigh That Tapers From The Knee To The Ankle With A Black Poly-Cotton Coating, Finishing Off With A 10"" Concealed Zipper On The Inseam And A Rear Calf Panel For A Carefully Optimized Fit.",Brown,28/29/30/31/32/33/34/36/38/40/42,8
110,X43 Skinny Denim,1672743223368,Denim,64.0,98% cotton 2% spandex,"The X43 Stretch Denim Is Designed With Our New X Fit Which Is Skinny Throughout With An Extended Inseam For Stacking, And Is Constructed From Raw Black Denim.",Matte Black,28/29/30/31/32/33/34/36/38/40/42,8
111,Ultra Baggy Dirty Rain Cargo Denim,6812662399048,Denim,36.0,100% cotton,"The Ultra Baggy Dirty Rain Cargo Denim Are Designed With A New Oversized Ultra Baggy Fit, Constructed From Black Denim With A Vintage Wash, Featuring Standard Five Pocket Denim Details, Cargo Pocket Details Throughout, And Finished With A Button Placket.",Black,28/29/30/31/32/33/34/36/38/40/42,8
112,B661 Studded Flare Denim,6812661547080,Denim,42.0,100% cotton,"The B661 Studded Flare Denim Are Designed With Our New B Fit, Which Is Relaxed Through The Thigh And Features A Slight Flare At The Leg Opening And Is Constructed From Washed Blue Denim, A Slight Flare At The Leg Opening, A Traditional Hem, And Is Finished With Flat Stud Details Down The Outseam.",Blue,28/29/30/31/32/33/34/36/38/40/42,8
113,Ultra Baggy Shadow Patch Denim,6812660006984,Denim,42.0,100% cotton,"The Ultra Baggy Shadow Patch Denim Are Designed With A New Oversized Ultra Baggy Fit, Constructed From Denim With A Dark Wash, Featuring Standard Five Pocket Denim Details, Witness Wash From Work Panelling, And Finished With A Button Placket.",Washed Light Blue,28/29/30/31/32/33/34/36/38/40/42,10
114,Ultra Baggy Decimated Denim,6812659974216,Denim,46.0,100% cotton,"The Ultra Baggy Decimated Denim Are Designed With A New Oversized Ultra Baggy Fit, Constructed From Denim With A Vintage Wash, Extensive Distressing Throughout, Featuring Standard Five Pocket Denim Details, And Finished With A Button Placket.",Black,28/29/30/31/32/33/34/36/38/40/42,8
115,Frayed Denim Shorts,6795729043528,Denim,64.0,100% cotton,"The Frayed Denim Shorts Are Designed With A Relaxed Fit Throughout, Featuring A Garment Washed Denim Fabric, And Finished Off With Raw Hem.",Blue,28/29/30/31/32/33/34/36/38/40/42,8
116,Void Baggy Cargo Denim,6789015666760,Denim,52.0,84% cotton 16% polyester,"The Void Baggy Cargo Denim Is A Bold Addition To Our Collection. Featuring Our Latest Void Fit With Extra Room In The Waist, Hip, And Leg Opening, Along With An Extended Inseam From Our Rave Fit. Constructed From Vintage Washed Black Cotton-Polyester Denim, Embracing Traditional 5 Pocket Denim Details, And Completing With Oversized Cargo Pockets At The Outseam.",Washed Black,28/29/30/31/32/33/34/36/38/40/42,8
117,B576 Western Flare Denim,6772561051720,Denim,74.0,98% cotton 2% spandex,"Introducing The B576 Western Flare Denim, Crafted From A Comfort-Stretch Denim With A Relaxed Fit Through The Thigh And A Distinct Flare At The Leg Opening. The Black Denim Base Undergoes A Vintage Wash And Sanding, Achieving A Worn In Appearance That’S Both Visually Striking And Pleasing To The Touch. Embrace A Blend Of Traditional Western Aesthetics And Contemporary Flair With These Standout Jeans.",Black,28/29/30/31/32/33/34/36/38/40/42,8
118,B572 Studded Flare Denim,6770150211656,Denim,56.0,100% cotton,"The B572 Studded Flare Denim Are Designed With Our New B Fit, Which Is Relaxed Through The Thigh And Features A Slight Flare At The Leg Opening And Is Constructed From Washed Blue Denim, Panelling At The Inseam And Outseam From Contrasting Denim For A Slight Flare, A Deconstructed Hem, And Is Finished With Stud Details Entirely Covering The Outside Panel.",Blue,28/29/30/31/32/33/34/36/38/40/42,8
119,B243 Flare Denim,6629448581192,Denim,78.0,100% cotton,"The B243 Flare Denim Are Designed With Our New B Fit, Which Is Slim Through The Thigh And Features A Slight Flare At The Leg Opening And Is Constructed From Washed Brown Duck Twill, Work Pants Panelling Removed After Wash For Contrasting Wash Area, Panelling At The Inseam And Outseam For A Slight Flare, Paint Splatter Throughout, And Finished With A Deconstructed Hem.",Slate,28/29/30/31/32/33/34/36/38/40/42,8
120,V266 Camo II Baggy Denim,6617538461768,Denim,74.0,100% cotton,"The V266 Camo Ii Baggy Denim Is Designed With Our Updated V Fit Which Is More Relaxed Throughout Than Our Initial V Fit, Featuring A Vintage Wash And Constructed From Custom Developed Hunting Camo Fabric.",Hunter Camo,28/29/30/31/32/33/34/36/38/40/42,16
121,B169 Leather Flare Pants,6541384155208,Denim,38.0,made from washed pu vegan leather,"The B169 Leather Flare Denim Are Designed With Our New B Fit, Which Is Slim Through The Thigh And Features A Slight Flare At The Leg Opening And Is Constructed From Washed Vegan Leather, Panelling At The Inseam, And Finished With A Deconstructed Hem.",Black,28/29/30/31/32/33/34/36/38/40/42,8
122,B119 Flare Denim,5863143637064,Denim,52.0,100% cotton,"The B119 Flare Denim Are Designed With Our New B Fit, Which Is Slim Through The Thigh And Features A Slight Flare At The Leg Opening And Is Constructed From Washed Black Denim, Panelling At The Inseam And Outseam From Contrasting Denim For A Slight Flare And Finished With A Deconstructed Hem.",Black,28/29/30/31/32/33/34/36/38/40/42,9
123,B243 Flare Denim,4636732686408,Denim,38.0,100% cotton,"The B243 Flare Denim Are Designed With Our New B Fit, Which Is Slim Through The Thigh And Features A Slight Flare At The Leg Opening And Is Constructed From Washed Brown Duck Twill, Work Pants Panelling Removed After Wash For Contrasting Wash Area, Panelling At The Inseam And Outseam For A Slight Flare, Paint Splatter Throughout, And Finished With A Deconstructed Hem.",Brown,28/29/30/31/32/33/34/36/38/40/42,10
124,V380 Baggy Denim,6790231982152,Denim,40.0,100% cotton,"The V380 Baggy Denim Is Designed With Our Updated V Fit Which Is More Relaxed Throughout Than Our Initial V Fit, Featuring An Oil Rinse On Top Of A Vintage Wash With Whiskering Details Throughout, Constructed From 100% Cotton Denim, And Finished With Self Panneling Details At The Leg Opening.",Rust,28/29/30/31/32/33/34/36/38/40/42,8
125,B583 Stretch Snap Flare Denim,6770150408264,Denim,46.0,98% cotton 2% spandex,"The B583 Stretch Snap Flare Denim Are Designed With Our New B Fit, Which Is Slim Through The Thigh And Features A Slight Flare At The Leg Opening And Is Constructed From Waxed Black Denim, Snap Closure Detail At The Outseam For Increased Flare And Stack At The Foot, And Finished With A Light Rinse For Improved Hand Feel.",Black,28/29/30/31/32/33/34/36/38/40/42,8
126,B571 Zipper Flare Pants,6766552907848,Denim,52.0,98% cotton 2% spandex,"The B571 Zipper Flare Pants Are Designed With Our New B Fit, Which Is Slim Through The Thigh And Features A Slight Flare At The Leg Opening And Is Constructed From Acid Washed Black Denim, And Finished With Exposed Zippers On The Wearer'S Front And Back With Paneling Behind For A Flare Finish.",Washed Black,28/29/30/31/32/33/34/36/38/40/42,8
127,Allover Frayed Denim Shorts,6734819721288,Denim,48.0,100% cotton,"The Allover Frayed Denim Shorts Are Designed With A Relaxed Fit Throughout, Featuring A Vintage Wash, Exposed And Raw Seams Throughout, And Finished Off With Raw Hem.",Black,28/29/30/31/32/33/34/36/38/40/42,8
128,X494 Skinny Denim,6669771997256,Denim,64.0,98% cotton 2% spandex,"The X494 Skinny Denim Is Designed With Our New X Fit Which Is Skinny Throughout With An Extended Inseam For Stacking, And Features A Light Blue Wash, And Finished With Sanding And Whiskering Throughout.",Blue,28/29/30/31/32/33/34/36/38/40/42,8
129,Distressed Mineral Denim Shorts,6812662497352,Denim,58.0,100% cotton,"The Distressed Mineral Denim Shorts Are Designed With A Relaxed Fit Throughout, Featuring Traditional Five Pocket Denim Details, Raw Hem At The Leg Opening, And Finished With Mineral Wash.",Brown,28/29/30/31/32/33/34/36/38/40/42,8
130,V628 Baggy Zipper Denim,6792755478600,Denim,42.0,100% cotton,"The V628 Baggy Zipper Denim Is Designed With Our Updated V Fit Which Is More Relaxed Throughout Than Our Initial V Fit, Featuring A Vintage, Acid, Wash And Featuring Darts And Zipper Details Throughout.",Brown,28/29/30/31/32/33/34/36/38/40/42,8
131,Front Pleat Flare Denim,6790232571976,Denim,32.0,100% cotton,"The Front Pleat Flare Denim Is Designed To Emulate Our B Fit, Which Is Relaxed Through The Thigh And Features A Slight Flare At The Leg Opening. Constructed From 100% Cotton, Then Pressed Purposely To Expose A Strong Stylized Pleat Down The Front.",Black,28/29/30/31/32/33/34/36/38/40/42,8
132,X516 Skinny Stacked Cargo Denim,6757570936904,Denim,68.0,98% cotton 2% spandex,"The X516 Skinny Stacked Cargo Denim Is Designed With Our New X Fit Which Is Skinny Throughout With An Extended Inseam For Stacking And A Flare At The Leg Opening, Constructed From Stretch Denim, And Finished With A Vintage Wash For Improved Hand Feel.",Camo,28/29/30/31/32/33/34/36/38/40/42,8
133,X514 Skinny Stacked Denim,6752483868744,Denim,64.0,98% cotton 2% spandex,"The X514 Skinny Stacked Denim Is Designed With Our New X Fit Which Is Skinny Throughout With An Extended Inseam For Stacking And A Flare At The Leg Opening, Constructed From Stretch Denim, And Finished With A Vintage Wash For Improved Hand Feel.",Vintage Blue,28/29/30/31/32/33/34/36/38/40/42,8
134,V164 Baggy Denim,6619700133960,Denim,34.0,100% cotton,The V164 Baggy Denim Is Designed With Our Updated V Fit Which Is More Relaxed Throughout Than Our Initial V Fit And Features Vintage Wash Base With Contrasting Panels Throughout.,Vintage Blue,28/29/30/31/32/33/34/36/38/40/42,9
135,B451 Star Flare Denim,6614383624264,Denim,48.0,100% cotton,"The B451 Star Flare Denim Are Designed With Our New B Fit, Which Is Slim Through The Thigh And Features A Slight Flare At The Leg Opening And Is Constructed From Washed Olive Denim, Work Pants Panelling Removed After Wash For Contrasting Wash Area, Contrast Panelling At The Inseam And Outseam For A Slight Flare, Leg Openings Have A Deconstructed Hem, And Finished With Olive And Tan Star Patches Throughout.",Olive,28/29/30/31/32/33/34/36/38/40/42,8
136,Ultra Baggy Ran Over Denim,6897169203272,Denim,42.0,100% cotton,"The Ultra Baggy Ran Over Denim Are Designed With A New Oversized Ultra Baggy Fit, Constructed From Denim With A Vintage Wash, With A Dirt Tint And Distressing Details Throughout Featuring Standard Five Pocket Denim Details, Distressing Throughout And Finished With A Button Placket.",Blue,28/29/30/31/32/33/34/36/38/40/42,8
137,Ultra Baggy Overly Washed Denim,6866911756360,Denim,38.0,100% cotton,"The Ultra Baggy Overly Washed Denim Are Designed With A New Oversized Ultra Baggy Fit, Constructed From Denim With A Vintage Medium Wash With Warm Tone Pp Spray, Featuring Standard Five Pocket Denim Details, Distressing And Repair Details Throughout,  And Finished With A Button Placket.",Blue,28/29/30/31/32/33/34/36/38/40/42,8
138,B577 Suede Flare Denim,6832117088328,Denim,48.0,100% cotton,"Introducing The B577 Suede Flare Denim, Crafted From A Cotton Denim With A Relaxed Fit Through The Thigh And A Distinct Flare At The Leg Opening. The Purple Tinted Denim Base Undergoes A Sueding Technique With A Vintage Wash And Sanding, Achieving A Worn In Appearance That’S Both Visually Striking And Pleasing To The Touch. Embrace A Blend Of Traditional Western Aesthetics And Contemporary Flair With These Standout Jeans.",Purple,28/29/30/31/32/33/34/36/38/40/42,8
139,Ultra Baggy Workwear Denim,6827470061640,Denim,42.0,100% cotton,"The Ultra Baggy Workwear Denim Are Designed With A New Oversized Ultra Baggy Fit, Constructed From Denim With Slight Distressing, Including A Studded Double Knee And Key Loop Detail",Tan,28/29/30/31/32/33/34/36/38/40/42,8
140,Contrast Double Knee Denim,6812661645384,Denim,48.0,100% cotton,"The Ultra Baggy Double Knee Denim Are Designed With A New Oversized Ultra Baggy Fit. Constructed From Blue Denim With A Brown Wash, Including A Contrast Studded Double Knee Allowing For Dual Styling.",Brown,28/29/30/31/32/33/34/36/38/40/42,8
141,Ultra Baggy Work Pants,6790232768584,Denim,46.0,100% cotton,"The Ultra Baggy Work Pants Are Designed With A New Oversized Ultra Baggy Fit, Constructed From Denim With A Heavy Wash And Sanding, Distressing At The Knees, Featuring Standard Work Denim Details, And Finished With A Button Placket.",Brown,28/29/30/31/32/33/34/36/38/40/42,8
142,Ultra Baggy Stripe Denim,6776948097096,Denim,34.0,100% cotton,"The Ultra Baggy Stripe Denim Are Designed With A New Oversized Ultra Baggy Fit, Constructed From Denim With A Vintage Wash, Featuring Standard Five Pocket Denim Details, Contrasting Stripe Panels At The Outseam, And Finished With A Button Placket.",Black/Red,28/29/30/31/32/33/34/36/38/40/42,8
143,B614 Flare Denim,6774724657224,Denim,68.0,100% cotton,"The B614 Flare Denim Are Designed With Our New B Fit, Which Is Slim Through The Thigh And Features A Slight Flare At The Leg Opening And Is Constructed From Dark Washed Blue Denim, Paint Details Throughout, Panelling At The Inseam And Outseam From Contrasting Self Denim For A Slight Flare And Finished With A Deconstructed Hem.",Blue,28/29/30/31/32/33/34/36/38/40/42,7
144,V591 Baggy Sex Denim,6773226111048,Denim,46.0,100% cotton,"The V591 Baggy Sex Denim Is Designed With Our Updated V Fit Which Is More Relaxed Throughout Than Our Initial V Fit, Featuring A Vintage Wash And Constructed From Custom Developed Duck Twill, And Finished With Yellow Embroidery Details Throughout.",Khaki,28/29/30/31/32/33/34/36/38/40/42,8
145,X565 Skinny Denim,6764787761224,Denim,52.0,92% cotton 7% polyester 1% spandex,"The X565 Skinny Denim Is Designed With Our New X Fit Which Is Skinny Throughout With An Extended Inseam For Stacking, And Features A Vintage Blue Wash And Custom Distressing Details Throughout.",Vintage Blue,28/29/30/31/32/33/34/36/38/40/42,8
146,D519 Zipper Flare Denim,6761753935944,Denim,78.0,100% cotton,"The D519 Zipper Flare Denim Is Designed With Our D Fit Which Is Straight Throughout, Zipper Detail Extending From The Thigh To The Shin To Provide A Flare Fit Through The Leg, And Is Constructed From Black Denim.",Black,28/29/30/31/32/33/34/36/38/40/42,8
147,B480 Cargo Flare Denim,6620506980424,Denim,38.0,100% cotton,"The D480 Cargo Flare Denim Are Designed With Our New B Fit, Which Is Slim Through The Thigh And Features A Slight Flare At The Leg Opening And Is Constructed From Warm Washed Denim, With A Vintage Wash And Sanding, Cargo Pockets At The Outseam, And Finished With A Self Fabric Panelling For A Flare At The Leg Opening.",Vintage Blue,28/29/30/31/32/33/34/36/38/40/42,9
148,B469 Flare Denim,6620506259528,Denim,74.0,100% cotton,"The B469 Flare Denim Are Designed With Our New B Fit, Which Is Slim Through The Thigh And Features A Slight Flare At The Leg Opening And Is Constructed From Washed Blue Denim, Panelling At The Inseam And Outseam From Matching Denim For A Slight Flare, Distressing Throughout, And Finished With A Deconstructed Hem.",Blue,28/29/30/31/32/33/34/36/38/40/42,8
149,B455 Flare Denim,6614383755336,Denim,68.0,100% cotton,"The B455 Flare Denim Are Designed With Our New B Fit, Which Is Slim Through The Thigh And Features A Slight Flare At The Leg Opening And Is Constructed From Light Washed Blue Denim, Panelling At The Inseam And Outseam From Contrasting Blue Denim For A Slight Flare, Distressing At The Wearer'S Left Knee, And Finished With A Deconstructed Hem.",Blue,28/29/30/31/32/33/34/36/38/40/42,9
150,Ultra Baggy Moto Denim,6861779861576,Denim,78.0,100% cotton,"The Ultra Baggy Moto Denim Are Designed With A New Oversized Ultra Baggy Fit, Constructed From Denim With A Vintage Wash, Padded Moto Inspired Details At The Outseam, Featuring Standard Five Pocket Denim Details, And Finished With A Button Placket.",Blue,28/29/30/31/32/33/34/36/38/40/42,7
151,Ultra Baggy Workwear Denim,6827470094408,Denim,84.0,100% cotton,"The Ultra Baggy Workwear Denim Are Designed With A New Oversized Ultra Baggy Fit, Constructed From Denim With Slight Distressing, Including A Studded Double Knee And Key Loop Detail",Washed Black,28/29/30/31/32/33/34/36/38/40/42,7
152,Ultra Baggy Bandana Patch Denim,6812659744840,Denim,98.0,100% cotton,"The Ultra Baggy Bandana Patch Denim Are Designed With A New Oversized Ultra Baggy Fit, Constructed From Denim With A Light Wash, Featuring Standard Five Pocket Denim Details, Distressing And Repair Details, Paisley Printed Patches In Multiple Colors Throughout, And Finished With A Button Placket.",Blue/Multi,28/29/30/31/32/33/34/36/38/40/42,9
153,V640 Ultra Ripped Denim,6803404292168,Denim,42.0,100% cotton,"The V640 Ultra Ripped Denim Is Designed With Our Updated V Fit Which Is More Relaxed Throughout Than Our Initial V Fit, Featuring A 100% Cotton Washed Black Denim, Finished Hem, And Vigorous Distressing On The Front And Back. Pair This With Our Oversized Ripped Denim Jacket .",Washed Black,28/29/30/31/32/33/34/36/38/40/42,9
154,X634 Cargo Skinny Stacked Denim,6797865943112,Denim,48.0,98% cotton 2% spandex,"The X634 Cargo Skinny Stacked Denim Is Designed With Our New X Fit Which Is Skinny Throughout With An Extended Inseam For Stacking And A Flare At The Leg Opening, Constructed From Stretch Denim, An Ombre Wash For Improved Hand Feel, Cargo Pockets At The Outseam, Zipper Details At The Knees, And Finished With Embroidery At The Inseam.",Blue/White,28/29/30/31/32/33/34/36/38/40/42,9
155,V603 Camo Carpenter Pants,6789015470152,Denim,42.0,100% cotton,"The V603 Camo Carpenter Pants Are Designed With Our New V Fit Which Is Relaxed Throughout, Features A Vintage Wash And Constructed From Custom Developed Hunting Camo Fabric With A Pink Base.",Orange,28/29/30/31/32/33/34/36/38/40/42,8
156,D519 Zipper Flare Denim,6774724722760,Denim,48.0,100% cotton,"The D519 Zipper Flare Denim Is Designed With Our D Fit Which Is Straight Throughout, Zipper Detail Extending From The Thigh To The Shin To Provide A Flare Fit Through The Leg, And Is Constructed From Black Denim.",Brown,28/29/30/31/32/33/34/36/38/40/42,8
157,B574 Zipper Flare Denim,6770150277192,Denim,40.0,100% cotton,"The B574 Zipper Denim Are Designed With Our New B Fit, Which Is Relaxed Through The Thigh And Features A Slight Flare At The Leg Opening And Is Constructed From Medium Washed Blue Denim, Panelling At The Inseam And Outseam From Contrasting Denim For A Slight Flare, And Finished With A Exposed Zipper Details At The Outseam.",Blue,28/29/30/31/32/33/34/36/38/40/42,8
158,X555 Crystal Skinny Denim,6764786417736,Denim,68.0,92% cotton 7% polyester 1% spandex,"The X555 Crystal Skinny Denim Is Designed With Our New X Fit Which Is  Skinny Throughout With An Extended Inseam For Stacking, And Features Distressing Throughout, And Finished With Repair Panels With Rhinestones.",Blue/Pink,28/29/30/31/32/33/34/36/38/40/42,9
159,D544 Straight Denim,6763929108552,Denim,68.0,100% cotton,"The D544 Straight Denim Is Designed With Our New D Fit Which Is Relaxed Throughout With An Extended Inseam For Stacking And Features A Warm, Vintage Wash, And Finished With Distressing Details Throughout.",Vintage Blue,28/29/30/31/32/33/34/36/38/40/42,9
160,X514 Skinny Stacked Denim,6752483901512,Denim,64.0,98% cotton 2% spandex,"The X514 Skinny Stacked Denim Is Designed With Our New X Fit Which Is Skinny Throughout With An Extended Inseam For Stacking And A Flare At The Leg Opening, Constructed From Stretch Denim, And Finished With A Vintage Wash For Improved Hand Feel.",Washed Black,28/29/30/31/32/33/34/36/38/40/42,8
161,Frayed Denim Shorts,6734817689672,Bottoms,41.0,100% cotton,"The Frayed Denim Shorts Are Designed With A Relaxed Fit Throughout, Featuring A Garment Washed Denim Fabric, And Finished Off With Raw Hem.",Washed Black,28/29/30/31/32/33/34/36/38/40/42,7
162,Ultra Baggy Moto Denim,6894507458632,Denim,56.0,100% cotton,"The Ultra Baggy Moto Denim Are Designed With A New Oversized Ultra Baggy Fit, Constructed From Denim With A Vintage Wash, Padded Moto Inspired Details At The Outseam, Featuring Standard Five Pocket Denim Details, And Finished With A Button Placket.",Off White,28/29/30/31/32/33/34/36/38/40/42,8
163,V706 Washed Leather Pants,6883047637064,Bottoms,52.0,100% cotton,"The V706 Washed Leather Pants Is Designed With Our New V Fit Which Is Relaxed Throughout, Has A Black Gradient Faux Leather Fabric Made Of 100% Cotton, Panel Stitching Along The Knees, And Charming Zipper Lined Pockets.",Black,28/29/30/31/32/33/34/36/38/40/42,10
164,Ultra Baggy Skeet Shotgun Denim,6878690508872,Denim,40.0,100% cotton,"The Ultra Baggy Skeet Shotgun Denim Are Designed With A New Oversized Ultra Baggy Fit, Constructed From 100% Cotton Denim With A Faded Light Blue Wash, Featuring Dual Knee Slits, And Finished Strategic Distressing Details Throughout.",Blue,28/29/30/31/32/33/34/36/38/40/42,9
165,B679 Worn In Painted Pants,6861299384392,Denim,38.0,100% cotton,"The B679 Worn-In Painted Pants Are Designed With Our New B Fit, Which Is Slim Through The Thigh And Features A Slight Flare At The Leg Opening And Is Constructed From A Washed Black Denim, Purposeful Paint Marks Throughout And Finished With A Deconstructed Seamed Side Pocket.",Washed Black,28/29/30/31/32/33/34/36/38/40/42,9
166,Flame Denim Shorts,6804507492424,Denim,74.0,100% cotton,"Introducing Our Flame Denim Shorts, Crafted From 100% Cotton Denim For Ultimate Comfort. These Shorts Feature A Standard Fit, Ensuring A Timeless Silhouette. With Intricate Flame And Dual-Tone Detailing, Along With A Distressed Finish, They Exude A Bold And Edgy Style. ",Blue,28/29/30/31/32/33/34/36/38/40/42,8
167,V376 Studded Baggy Denim,6790231851080,Denim,74.0,100% cotton,"The V376 Studded Baggy Denim Is Designed With Our Updated V Fit Which Is More Relaxed Throughout Than Our Initial V Fit, Featuring A Vintage Wash With Whiskering Details Throughout, Constructed From 100% Cotton Denim, And Finished With Studding Details Down The Outseam And Around The Pockets.",Washed Black,28/29/30/31/32/33/34/36/38/40/42,8
168,Ultra Baggy Flame Denim,6790231621704,Denim,42.0,100% cotton,"The Ultra Baggy Flame Denim Are Designed With A New Oversized Ultra Baggy Fit, Constructed From Denim With A Light Vintage Wash, Tonal Flame Artwork Up Both Outseams, Featuring Standard Five Pocket Denim Details, And Finished With A Button Placket.",Blue,28/29/30/31/32/33/34/36/38/40/42,7
169,X609 Algae Skinny Denim,6773226831944,Denim,52.0,92% cotton 7% polyester 1% spandex,"The X609 Algae Skinny Denim Is Designed With Our X Fit, Which Is Skinny Throughout With An Extended Inseam For Stacking, And Features A Vintage Blue Wash With A Green Tint, And Finished With Distressing Details.",Green,28/29/30/31/32/33/34/36/38/40/42,8
170,X598 Skinny Stacked Denim,6773226340424,Denim,68.0,92% cotton 7% polyester 1% spandex,"The X598 Skinny Stacked Denim Is Designed With Our New X Fit Which Is Skinny Throughout With An Extended Inseam For Stacking And A Flare At The Leg Opening, Constructed From Stretch Denim, Paint Splatter Details, Distressing At The Knees, And Finished With A Vintage Wash For Improved Hand Feel.",Blue,28/29/30/31/32/33/34/36/38/40/42,8
171,D558 Straight Stripe Denim,6764786745416,Denim,48.0,84% cotton 16% polyester,"The D558 Straight Stripe Denim Is Designed With Our New D Fit Which Is Relaxed Throughout With An Extended Inseam For Stacking And Features A Vintage Wash, Whiskering And Sanding Throughout, Deconstructed Hem, And Finished With A Zipper On The Entire Outseam.",Black,28/29/30/31/32/33/34/36/38/40/42,8
172,Baggy Rave Denim,6764785533000,Denim,68.0,100% cotton,"The Baggy Rave Denim Are Designed With A New Oversized Rave Fit, Constructed From A Washed Denim, Distressing Throughout, And Finished With A Deconstructed Hem.",Rust,28/29/30/31/32/33/34/36/38/40/42,7
173,Ultra Baggy Denim,6705351065672,Denim,68.0,100% cotton,"The Ultra Baggy Denim Are Designed With A New Oversized Ultra Baggy Fit, Constructed From Denim With A Light Wash, Featuring Standard Five Pocket Denim Details, And Finished With A Button Placket.",Medium Blue,28/29/30/31/32/33/34/36/38/40/42,8
174,X491 Convertible Skinny Denim,6666371399752,Denim,68.0,98% cotton 2% spandex,"The X491 Convertible Skinny Denim Is Designed With Our New X Fit Which Is Skinny Throughout With An Extended Inseam For Stacking, Constructed From Stretch Denim, And Finished With A Zipper Up The Back That Converts The Pants To A Flared Leg Opening",Grey,28/29/30/31/32/33/34/36/38/40/42,9
175,B451 Star Flare Denim,6651070742600,Denim,48.0,100% cotton,"The B451 Star Flare Denim Are Designed With Our New B Fit, Which Is Slim Through The Thigh And Features A Slight Flare At The Leg Opening And Is Constructed From Washed Olive Denim, Work Pants Panelling Removed After Wash For Contrasting Wash Area, Contrast Panelling At The Inseam And Outseam For A Slight Flare, Leg Openings Have A Deconstructed Hem, And Finished With Olive And Tan Star Patches Throughout.",Black,28/29/30/31/32/33/34/36/38/40/42,9
176,D269 Straight Denim,5531159724104,Denim,48.0,100% cotton,The D269 Denim Is Designed With Our D Fit Which Is Relaxed Throughout With An Extended Inseam For Stacking And Features Raw Edge Repair Panels Throughout.,Black,28/29/30/31/32/33/34/36/38/40/42,8
177,Ultra Baggy Skated Cargo Pants,6914534146120,Bottoms,64.0,100% cotton,"The Ultra Baggy Skated Cargo Pants Are Designed With A New Oversized Ultra Baggy Fit, Constructed From A Urban Camo Printed Denim With A Rinse Wash And Distressing Details Throughout, Featuring Cargo Pockets Throughout With Snap Closures, And Finished With A Button Placket.",Black/White,28/29/30/31/32/33/34/36/38/40/42,8
178,B729 Waxed Denim,6901144485960,Denim,78.0,100% cotton,"The B729 Waxed Denim Are Designed With Our New B Fit, Which Is Relaxed Through The Thigh And Features A Slight Flare At The Leg Opening And Is Constructed From Washed Black Denim Finished With A Waxed Coating, Panelling At The Knee, And Finished With A Traditional Hem.",Black,28/29/30/31/32/33/34/36/38/40/42,8
179,D519 Zipper Flare Denim,6893854228552,Denim,78.0,100% cotton,"The D519 Zipper Flare Denim Is Designed With Our D Fit Which Is Straight Throughout, Zipper Detail Extending From The Thigh To The Shin To Provide A Flare Fit Through The Leg, And Is Constructed From Vintage Washed Black Denim.",Washed Black,28/29/30/31/32/33/34/36/38/40/42,8
180,D519 Leather Zipper Flare Pants,6893854097480,Bottoms,94.0,100% polyester,"The D519 Leather Zipper Flare Denim Is Designed With Our D Fit Which Is Straight Throughout, Zipper Detail Extending From The Thigh To The Shin To Provide A Flare Fit Through The Leg, And Is Constructed From A Black Vegan Leather.",Charcoal Grey,28/29/30/31/32/33/34/36/38/40/42,8
181,Ultra Baggy Lace Band Denim,6893853737032,Denim,68.0,100% cotton,"The Ultra Baggy Lace Band Denim Are Designed With A New Oversized Ultra Baggy Fit, Constructed From Denim With A Vintage Acid Wash, Featuring Standard Five Pocket Denim Details, Contrast Stitching Details Throughout, And Finished With A Contrasting Shoe Lace Belt.",Blue,28/29/30/31/32/33/34/36/38/40/42,7
182,C23 Rave Double Cargo Denim,6893853704264,Denim,48.0,100% cotton,"The C23 Rave Double Cargo Denim Are Designed With A New Oversized Rave Fit, Constructed From A Washed Black Denim, Distressing Details Throughout, Cargo Pockets At The Outseam With Exposed Zippers, And Finished With A Traditional Hem.",Washed Black,28/29/30/31/32/33/34/36/38/40/42,8
183,B710 Chino Chip Repaired Denim,6885698142280,Denim,42.0,100% cotton,"The B710 Chino Chip Repaired Denim Are Designed With Our New B Fit, Which Is Slim Through The Thigh And Features A Slight Flare At The Leg Opening. Constructed From 100% Cotton, Add A Pop Of Color To Your Wardrobe With A Bright Tan Denim. Can'T Forget The Minor Distressing And Camo Peep-Hole To Add Another Level Of Personality.",Tan,28/29/30/31/32/33/34/36/38/40/42,7
184,Ultra Baggy Rippled Denim Cargo Pants,6885698043976,Denim,62.0,100% cotton,"The Ultra Baggy Rippled Denim Cargo Pants Is Designed With Our New Oversized Ultra Baggy Fit, Constructed From 100% Cotton Denim With A Vintage Acid Wash, Oversized Pocketing And Zippers, And Double Stitched Western Lining.",Blue,28/29/30/31/32/33/34/36/38/40/42,8
185,Ultra Baggy Dual Gradient Washed Denim,6883048194120,Denim,46.0,100% cotton,"The Ultra Baggy Dual Gradient Washed Denim Are Designed With A New Oversized Ultra Baggy Fit, Constructed From Denim With A Light Wash, Featuring Standard Five Pocket Denim Details, And Finished With A Contrasting Gradient Wash From The Leg Opening Up The Leg To The Knees.",Blue,28/29/30/31/32/33/34/36/38/40/42,9
186,V707 Leather Chap Denim,6883047833672,Denim,78.0,82% cotton 18% polyester,"The V707 Leather Chap Denim Is Designed With Our Updated V Fit Which Is More Relaxed Throughout Than Our Initial V Fit. Featuring A Base Of 100% Cotton Black Denim, Layered With A Faux Leather Chap, And Lined With Eye-Catching Red Stitching Along The Outseam. ",Black,28/29/30/31/32/33/34/36/38/40/42,9
187,B705 Tear and Repair Denim,6877138944072,Denim,52.0,100% cotton,"The B705 Tear And Repair Denim Are Designed With Our New B Fit, Which Is Relaxed Through The Thigh And Features A Slight Flare At The Leg Opening And Is Constructed From Washed Black Denim, Tear And Repair Details In Tonal Fabric Throughout, And Finished With A Deconstructed Hem.",Black,28/29/30/31/32/33/34/36/38/40/42,9
188,Ultra Baggy Studded Cargo Denim,6870097461320,Denim,62.0,84% cotton 16% polyester,"The Ultra Baggy Studded Cargo Denim Is Designed With Our New Oversized Ultra Baggy Fit, Constructed From A Blend Fabricated Denim With A Black Vintage Wash, Silver Studded Accents Throughout, Elongated Strap On The Back, And Adjustable Zippers For Fit Duality.",Black,28/29/30/31/32/33/34/36/38/40/42,8
189,Ultra Baggy Locomotive Denim,6861779992648,Denim,36.0,100% cotton,"The Ultra Baggy Locomotive Denim Are Designed With A New Oversized Ultra Baggy Fit, Constructed From Rust Tinted Denim With A Gradient Finish At The Leg Opening, Cargo Pockets At The Outseam, Self Fabric Strapping Details Throughout,Featuring Standard Five Pocket Denim Details, And Finished With A Button Placket.",Brown,28/29/30/31/32/33/34/36/38/40/42,7
190,B674 Spray Flared Denim,6824263123016,Denim,42.0,100% cotton,"The B674 Spray Flared Denim Are Designed With Our New B Fit, Which Is Relaxed Through The Thigh And Features A Slight Flare At The Leg Opening And Is Constructed From Washed Blue Denim, Spray Detail Down The Outseam, And Finished With A Traditional Hem.",Blue,28/29/30/31/32/33/34/36/38/40/42,8
191,X651 Distressed Circle Knee Denim,6812660236360,Denim,68.0,98% cotton 2% spandex,"The X651 Distressed Circle Knee Denim Is Designed With Our New X Fit Which Is  Skinny Throughout With An Extended Inseam For Stacking, And Features A Medium Wash With A Vintage Tint Wash, And Finished With Distressing Throughout With Repairs.",Blue,28/29/30/31/32/33/34/36/38/40/42,8
192,Ultra Baggy Rivet Denim,6812660138056,Denim,48.0,100% cotton,"The Ultra Baggy Rivet Denim Are Designed With A New Oversized Ultra Baggy Fit, Constructed From Denim With A Vintage Wash, Rivet Details Throughout Creating A Pleating Effect, Featuring Standard Five Pocket Denim Details, And Finished With A Button Placket.",Black,28/29/30/31/32/33/34/36/38/40/42,8
193,B644 Flare Burnt Cowboy Denim,6804507459656,Denim,38.0,100% cotton,"The B644 Flare Burnt Cowboy Denim Are Designed In Our B Fit, Which Is Relaxed Through The Thigh And Features A Slight Flare At The Leg Opening And Is Constructed From Washed Tan Work Twill, Heavy Sanding Details Throughout For A More Vintage Feel And Look, And Finished With A Traditional Hem.",Black/Brown,28/29/30/31/32/33/34/36/38/40/42,10
194,Allover Frayed Denim Shorts,6795623465032,Denim,48.0,100% cotton,"The Allover Frayed Denim Shorts Are Designed With A Fit That Is Relaxed Throughout  And Features A Warm, Light Wash, And Finished With Mulit-Layered Repairs Striped Throughout With Embroidery Details.",Khaki,28/29/30/31/32/33/34/36/38/40/42,8
195,V631 Baggy Frayed Denim,6795623432264,Denim,54.0,100% cotton,"The V631 Allover Frayed Denims Are Designed With A Baggy Fit Throughout, Featuring A Vintage Wash, Exposed And Raw Seams Throughout, And Finished Off With Raw Hem.",Blue,28/29/30/31/32/33/34/36/38/40/42,8
196,X625 Skinny Stacked Denim,6791739244616,Denim,42.0,98% cotton 2% spandex,"The X625 Skinny Stacked Denim Is Designed With Our New X Fit Which Is Skinny Throughout With An Extended Inseam For Stacking And A Flare At The Leg Opening, Constructed From Stretch Denim, And Finished With A Color Tinted Splotch Dye Wash And Light Garment Wash For Improved Hand Feel.",Multi,28/29/30/31/32/33/34/36/38/40/42,8
197,X385 Skinny Stacked Denim,6790232801352,Denim,68.0,98% cotton 2% spandex,"The X385 Skinny Stacked Denim Is Designed With Our New X Fit Which Is Skinny Throughout With An Extended Inseam For Stacking And A Flare At The Leg Opening, Constructed From Stretch Denim, Distressing Detail At The Knee, And Finished With A Light Garment Wash For Improved Hand Feel.",Blue,28/29/30/31/32/33/34/36/38/40/42,9
198,Void Baggy Cargo Denim,6789015699528,Denim,44.0,84% cotton 16% polyester,"The Void Baggy Cargo Denim Is A Bold Addition To Our Collection. Featuring Our Latest Void Fit With Extra Room In The Waist, Hip, And Leg Opening, Along With An Extended Inseam From Our Rave Fit. Constructed From Vintage Washed Black Cotton-Polyester Denim, Embracing Traditional 5 Pocket Denim Details, And Completing With Oversized Cargo Pockets At The Outseam.",Grass Camo,28/29/30/31/32/33/34/36/38/40/42,8
199,Void Baggy Ring Denim,6789015633992,Denim,46.0,84% cotton 16% polyester,"The Void Baggy Ring Denim Is A Bold Addition To Our Collection. Featuring Our Latest Void Fit With Extra Room In The Waist, Hip, And Leg Opening, Along With An Extended Inseam From Our Rave Fit. Constructed From A Vintage Washed Black Poly-Cotton Denim With Rust Stains Throughout, Embracing Traditional 5 Pocket Denim Details, Metal Eyelet Details On The Legs, Oversized Cargo Pockets At The Outseam, And Finished With A Poly Coating Throughout For A Sheen On The Fabric.",Washed Black,28/29/30/31/32/33/34/36/38/40/42,8
200,B243 Flare Denim,6772181008456,Denim,54.0,100% cotton,"The B243 Flare Denim Are Designed With Our New B Fit, Which Is Slim Through The Thigh And Features A Slight Flare At The Leg Opening And Is Constructed From Washed Brown Duck Twill, Work Pants Panelling Removed After Wash For Contrasting Wash Area, Panelling At The Inseam And Outseam For A Slight Flare, Paint Splatter Throughout, And Finished With A Deconstructed Hem.",Navy,28/29/30/31/32/33/34/36/38/40/42,8
201,B577 Suede Western Flare Denim,6770145361992,Denim,48.0,98% cotton 2% spandex,"Introducing The B577 Suede Western Flare Denim, Crafted From A Comfort-Stretch Denim With A Relaxed Fit Through The Thigh And A Distinct Flare At The Leg Opening. The Black Denim Base Undergoes A Unique Flocked Treatment, Achieving A Suede-Like Texture That’S Both Visually Striking And Pleasing To The Touch. Embrace A Blend Of Traditional Western Aesthetics And Contemporary Flair With These Standout Jeans.",Rust,28/29/30/31/32/33/34/36/38/40/42,8
202,M524 Slim Stacked Denim,6762360242248,Denim,56.0,99% cotton 1% viscose,"The M524 Slim Stacked Denim Is Designed With Our M Fit Which Is Slim Throughout With An Extended Inseam For Stacking And A Flare At The Leg Opening, Constructed From Stretch Denim, And Finished With A Light Garment Wash For Improved Hand Feel.",Black,28/29/30/31/32/33/34/36/38/40/42,8
203,X514 Skinny Stacked Denim,6752484065352,Denim,64.0,98% cotton 2% spandex,"The X514 Skinny Stacked Denim Is Designed With Our New X Fit Which Is Skinny Throughout With An Extended Inseam For Stacking And A Flare At The Leg Opening, Constructed From Stretch Denim, And Finished With A Light Garment Wash For Improved Hand Feel.",Black,28/29/30/31/32/33/34/36/38/40/42,8
204,D474 Cargo Straight Denim,6620506783816,Denim,54.0,100% cotton,"The D474 Cargo Straight Denim Is Designed With Our New D Fit Which Is Relaxed Throughout And An Extended Inseam For Stacking, A Gradient Black Wash, Faux Leather Star Applique Patches Throughout, And Finished With Cargo Pockets At The Outseam.",Multi,28/29/30/31/32/33/34/36/38/40/42,9
205,X461 Skinny Denim,6620502818888,Denim,64.0,98% cotton 2% spandex,"The X461 Stretch Denim Is Designed With Our New X Fit Which Is Skinny Throughout With An Extended Inseam For Stacking, And Finished In A Vintage Grey Washed Denim.",Grey,28/29/30/31/32/33/34/36/38/40/42,8
206,B447 Waxed Flare Denim,6620502687816,Denim,74.0,98% cotton / 2% spandex*,"The B447 Waxed Flare Denim Are Designed With Our New B Fit, Which Is Slim Through The Thigh And Features A Slight Flare At The Leg Opening And Is Constructed From Waxed Black Denim, Panelling At The Inseam And Outseam From Self Fabric For A Slight Flare, And Finished With A Deconstructed Hem.",Black,28/29/30/31/32/33/34/36/38/40/42,9
207,G:04 Relaxed Flare Denim,6903935762504,Denim,98.0,100% cotton,"The G:04 Relaxed Flare Denim Is Constructed From 13 Ounces Of 100% Denim Treated With A Custom Wash Protocol Producing Unique Whiskering And Wash Through Each Pair.  This Entirely New Fit And Design Features A Longer Rise, More Room At The Thigh And Seat Then Finishes With A Slight Flare At The Leg Opening. The G:04 Denim Is Finished With Custom Lwh Hardware At The Rivets And Button Closure. ",Medium Blue,28/29/30/31/32/33/34/36/38/40/42,5
208,G:04 Relaxed Flare Denim,6903935729736,Denim,98.0,100% cotton,"The G:04 Relaxed Flare Denim Is Constructed From 13 Ounces Of 100% Denim Treated With A Custom Wash Protocol Producing Unique Whiskering And Wash Through Each Pair.  This Entirely New Fit And Design Features A Longer Rise, More Room At The Thigh And Seat Then Finishes With A Slight Flare At The Leg Opening. The G:04 Denim Is Finished With Custom Lwh Hardware At The Rivets And Button Closure. ",Washed Black,28/29/30/31/32/33/34/36/38/40/42,5
209,V727 Mixed Canvas Baggy Denim,6901144158280,Denim,52.0,100% cotton,The V727 Mixed Canvas Baggy Denim Is Designed With Our Updated V Fit Which Is More Relaxed Throughout Than Our Initial V Fit And Is Constructed From Cotton Canvas And Features Multi Colored Canvas Pattern Details Throughout.,Multi,28/29/30/31/32/33/34/36/38/40/42,8
210,V725 Cargo Zipper Denim,6898415435848,Denim,78.0,100% cotton,"The V725 Cargo Zipper Denim Is Designed With Our New V Fit Which Is Relaxed Throughout And Features A Vintage Wash Brown Denim, Cargo Pockets Throughout, Exposed Zippers Down The Wearer'S Front, And Finished Sanding And Whiskering Throughout.",Brown,28/29/30/31/32/33/34/36/38/40/42,8
211,V724 Baggy Chore Denim,6898288001096,Denim,68.0,100% cotton,The V724 Baggy Chore Denim Is Designed With Our Updated V Fit Which Is More Relaxed Throughout Than Our Initial V Fit And Features Vintage Wash Base With Sanding And Whiskering Details Throughout.,Vintage Blue,28/29/30/31/32/33/34/36/38/40/42,8
212,Ultra Baggy Chainlink Double Knee Pants,6898287837256,Bottoms,78.0,100% cotton,"The Ultra Baggy Chainlink Double Knee Pants Are Designed With A New Oversized Ultra Baggy Fit, Constructed From Denim With A Vintage Wash, Featuring Standard Work Pant Details, And Finished With Embroidery On The Double Knee Panel.",Khaki,28/29/30/31/32/33/34/36/38/40/42,8
213,D519 Zipper Flare Denim,6893854163016,Denim,60.0,100% cotton,"The D519 Zipper Flare Denim Is Designed With Our D Fit Which Is Straight Throughout, Zipper Detail Extending From The Thigh To The Shin To Provide A Flare Fit Through The Leg, And Is Constructed From Black Denim.",Red,28/29/30/31/32/33/34/36/38/40/42,8
214,Ultra Baggy Asphalt Cargo Denim,6883047538760,Denim,48.0,82% cotton 18% polyester,"The Ultra Baggy Asphalt Cargo Denim Are Designed With A New Oversized Ultra Baggy Fit, Constructed From Black Denim With A Vintage Wash, Featuring Standard Five Pocket Denim Details, Cargo Pocket Details Throughout, And Finished With A Button Placket.",Washed Black,28/29/30/31/32/33/34/36/38/40/42,8
215,Void Baggy Cargo Denim,6866912772168,Denim,72.0,100% cotton,"The Void Baggy Cargo Denim Is A Bold Addition To Our Collection. Featuring Our Latest Void Fit With Extra Room In The Waist, Hip, And Leg Opening, Along With An Extended Inseam From Our Rave Fit. Constructed From Vintage Washed Brown Cotton Denim, Embracing Traditional 5 Pocket Denim Details, And Completing With Oversized Cargo Pockets At The Outseam.",Brown,28/29/30/31/32/33/34/36/38/40/42,8
216,Ultra Baggy Gradient Double Knee Denim,6866912608328,Denim,56.0,100% cotton,"The Ultra Baggy Gradient Double Knee Denim Is Designed With Our New Oversized Ultra Baggy Fit, Constructed From 100% Cotton Denim With A Washed Ombre Design, And Double Western Knee Stitching.",Black/Grey,28/29/30/31/32/33/34/36/38/40/42,8
217,Ultra Baggy 70/30 Cargo Denim,6830608613448,Denim,48.0,100% cotton,"The Ultra Baggy 70/30 Cargo Denim Are Designed With A New Oversized Ultra Baggy Fit, Constructed From Denim With A Dark, Cargo Short Paneling At The Upper, Cargo Pockets At The Wearer'S Front, And Finished In A Standard Hem.",Blue,28/29/30/31/32/33/34/36/38/40/42,8
218,V671 Lichen Pinched Denim,6812662300744,Denim,38.0,100% cotton,The V671 Lichen Pinched Denim Is Designed With Our Updated V Fit Which Is More Relaxed Throughout Than Our Initial V Fit. 100% Cotton Denim That Features A Wash And Pinning Technique That Creates Whiskering Details Throughout. While Companioned By Oversized Pockets On The Mid-Leg.,Washed Olive,28/29/30/31/32/33/34/36/38/40/42,8
219,Star Studded Pants,6797865910344,Denim,54.0,100% cotton,"The Star Studded Pants Is Designed With Our New V Fit Which Is Relaxed Throughout, Features A Vintage Wash, Constructed From Custom Developed Patterned Corduroy Fabric And, Finished With Star Stud Details At The Fly, Outseam, And Back Pockets.",Washed Black,28/29/30/31/32/33/34/36/38/40/42,8
220,Allover Frayed Denim Shorts,6795623497800,Denim,48.0,100% cotton,"The Allover Frayed Denim Shorts Are Designed With A Fit That Is Relaxed Throughout  And Features A Warm, Light Wash, And Finished With Mulit-Layered Repairs Striped Throughout With Embroidery Details.",Olive,28/29/30/31/32/33/34/36/38/40/42,8
221,B378 Festival Flare Denim,6790231916616,Denim,54.0,100% cotton,"The B378 Festival Flare Denim Are Designed In Our B Fit, Which Is Relaxed Through The Thigh And Features A Slight Flare At The Leg Opening And Is Constructed From A Natural White Denim Fabric, All Over Printed Pattern On The Front, Back Pockets, And Yoke, And Finished With A Traditional Hem.",Multi,28/29/30/31/32/33/34/36/38/40/42,8
222,V603 Camo Carpenter Pants,6773226504264,Denim,68.0,100% cotton,"The V603 Camo Carpenter Pants Are Designed With Our New V Fit Which Is Relaxed Throughout, Features A Vintage Wash And Constructed From Custom Developed Hunting Camo Fabric With A Pink Base.",Pink,28/29/30/31/32/33/34/36/38/40/42,8
223,B576 Western Flare Denim,6772561018952,Denim,46.0,98% cotton 2% spandex,"Introducing The B576 Western Flare Denim, Crafted From A Comfort-Stretch Denim With A Relaxed Fit Through The Thigh And A Distinct Flare At The Leg Opening. The Black Denim Base Undergoes A Vintage Wash And Sanding, Achieving A Worn In Appearance That’S Both Visually Striking And Pleasing To The Touch. Embrace A Blend Of Traditional Western Aesthetics And Contemporary Flair With These Standout Jeans.",Green,28/29/30/31/32/33/34/36/38/40/42,8
224,D549 Straight Denim,6764785336392,Denim,50.0,100% cotton,"The D549 Straight Denim Is Designed With Our New D Fit Which Is Relaxed Throughout With An Extended Inseam For Stacking And Features A Warm, Light Wash, Distressing At The Knees, And Finished With Whiskering And Sanding Throughout.",Blue,28/29/30/31/32/33/34/36/38/40/42,9
225,B449 Leather Cargo Flare Pants,6614383558728,Denim,56.0,100% cotton,"The B449 Leather Cargo Flare Denim Are Designed With Our New B Fit, Which Is Slim Through The Thigh And Features A Slight Flare At The Leg Opening And Is Constructed From Poly Leather Fabric, Panelling At The Inseam And Outseam From Self Fabric For A Slight Flare, A Deconstructed Hem, And Finished With Cargo Pockets At The Thigh.",Black,28/29/30/31/32/33/34/36/38/40/42,8
226,V733 All Washed Up Denim,6912201261128,Denim,68.0,100% cotton,"The V733 All Washed Up Denim Is Designed With Our, New And Updated V Fit Which Is More Relaxed Throughout Than Our Previous V Fit, Featuring A Vintage Wash For Improved Appearance And Hand Feel, Constructed From 100% Cotton Denim, And Finished With Self A Traditional Hem.",Tan,28/29/30/31/32/33/34/36/38/40/42,8
227,D732 Rust Wash Denim,6912200605768,Denim,48.0,100% cotton,"The D732 Rust Wash Denim Is Designed With Our D Fit Which Is Relaxed Throughout With An Extended Inseam For Stacking And Features A Rust Wash On A Vintage Washed Black Denim, And Finished With Whiskering And Sanding Throughout.",Black/Brown,28/29/30/31/32/33/34/36/38/40/42,8
228,B731 Oiled Bootcut Denim,6901146550344,Denim,56.0,98% cotton 2% spandex,"The B731 Oiled Bootcut Denim Are Designed In Our B Fit, Which Is Relaxed Through The Thigh And Features A Slight Flare At The Leg Opening And Is Constructed From Rinsed Black Denim, An All Over Waxed Like Finish For A Slight Sheen, And Finished With A Traditional Hem.",Black,28/29/30/31/32/33/34/36/38/40/42,7
229,D728 Moto Pants,6901144387656,Bottoms,78.0,100% cotton,"The D728 Moto Pants Are Designed With Our New D Fit Which Is Relaxed Throughout With An Extended Inseam For Stacking And Is Constructed From A Faux Leather In Both Black And White, Featuring Moto Details Throughout With Exposed Zippers.",Black,28/29/30/31/32/33/34/36/38/40/42,8
230,V726 Distressed Baggy Denim,6901144125512,Denim,68.0,100% cotton,"The V726 Distressed Baggy Denim Is Designed With Our Updated V Fit Which Is More Relaxed Throughout Than Our Initial V Fit And Features Vintage Wash Base With Sanding And Whiskering Details Throughout, Finished With Repaired Details Throughout.",Medium Blue,28/29/30/31/32/33/34/36/38/40/42,8
231,Rave Multi Cargo Denim,6898415501384,Denim,98.0,100% cotton,"The Rave Multi Cargo Denim Are Designed With A New Oversized Rave Fit, Constructed From A Vintage Washed Denim, Integrated Belt At The Waist From Tonal Fabric, And Finished With Exaggerated Cargo Pockets Throughout.",Light Blue,28/29/30/31/32/33/34/36/38/40/42,8
232,Ultra Baggy Thrashed Denim,6898287935560,Denim,68.0,100% cotton,"The Ultra Baggy Thrashed Denim Are Designed With A New Oversized Ultra Baggy Fit, Constructed From Denim With A Vintage Wash, Extensive Distressing Throughout, Featuring Standard Five Pocket Denim Details, And Finished With A Button Placket.",Blue,28/29/30/31/32/33/34/36/38/40/42,9
233,D519 Zipper Flare Denim,6897788780616,Denim,60.0,100% cotton,"The D519 Zipper Flare Denim Is Designed With Our D Fit Which Is Straight Throughout, Zipper Detail Extending From The Thigh To The Shin To Provide A Flare Fit Through The Leg, And Is Constructed From Light Wash Blue Denim With A Gradient Wash From The Leg Opening.",Light Blue,28/29/30/31/32/33/34/36/38/40/42,7
234,Ultra Baggy GN16 Denim,6897169334344,Denim,68.0,100% cotton,"The Ultra Baggy Gn16 Denim Are Designed With A New Oversized Ultra Baggy Fit, Constructed From Black Denim With A Vintage Wash With Whiskering And Wash Artifacts, Featuring Standard Five Pocket Denim Details With A Carpenter Pant Loop, And Finished With A Button Placket.",Black,28/29/30/31/32/33/34/36/38/40/42,8
235,Ultra Baggy Welted Pocket Denim,6894712291400,Denim,68.0,100% cotton,"The Ultra Baggy Welted Pocket Denim Are Designed With A New Oversized Ultra Baggy Fit, Constructed From A Natural Colored Denim With An All Over Printed Pattern, Featuring Standard Five Pocket Denim Details, And Finished With A Button Placket.",Olive,28/29/30/31/32/33/34/36/38/40/42,7
236,D519 Zipper Flare Denim,6893854195784,Denim,48.0,100% cotton,"The D519 Zipper Flare Denim Is Designed With Our D Fit Which Is Straight Throughout, Zipper Detail Extending From The Thigh To The Shin To Provide A Flare Fit Through The Leg, And Is Constructed From Orange Denim.",Orange,28/29/30/31/32/33/34/36/38/40/42,7
237,V718 Baggy Archway Denim,6893853900872,Denim,48.0,100% cotton,"The V718 Baggy Archway Denim Is Designed With Our New V Fit Which Is Relaxed Throughout And Features A Light Wash Blue Denim Base, Contrasting Medium Wash Denim Panelling And Finished Sanding And Whiskering Throughout.",Blue,28/29/30/31/32/33/34/36/38/40/42,8
238,V715 Studded Baggy Denim,6893853769800,Denim,98.0,100% cotton,"The V715 Studded Denim Is Designed With Our Updated V Fit Which Is More Relaxed Throughout Than Our Initial V Fit, Featuring A Rinse Wash On Black Denim, Constructed From 100% Cotton Denim, And Finished With Studding Details Down The Outseam And Around The Pockets.",Black,28/29/30/31/32/33/34/36/38/40/42,8
239,V712 SL3 Suede Pants,6893853638728,Bottoms,42.0,98% cotton 2% spandex,"The B576 Western Flare Denim, Crafted From A Comfort-Stretch Denim With A Relaxed Fit Through The Thigh And An Updated Relaxed Fit Throughout. The Black Denim Base Undergoes A Vintage Wash And Sanding, Achieving A Worn In Appearance That’S Both Visually Striking And Pleasing To The Touch. ",Olive/Black,28/29/30/31/32/33/34/36/38/40/42,8
240,Ultra Baggy Rippled Denim Cargo Pants,6885698076744,Denim,88.0,100% cotton,"The Ultra Baggy Rippled Denim Cargo Pants Is Designed With Our New Oversized Ultra Baggy Fit, Constructed From 100% Cotton Denim With A Vintage Acid Wash, Oversized Pocketing And Zippers, And Double Stitched Western Lining.",Black,28/29/30/31/32/33/34/36/38/40/42,9
241,Ultra Baggy Not Washed Vintage Denim,6883049177160,Denim,40.0,100% cotton,"The Ultra Baggy Not Washed Vintage Denim Are Designed With A New Oversized Ultra Baggy Fit, Constructed From 100% Cotton Denim With A Medium Base Wash, Featuring A Purposeful Gradient Effect To Convey A Dirty Effect, And Finished With Brown 'Mud' Remarks.",Blue,28/29/30/31/32/33/34/36/38/40/42,10
242,Ultra Baggy Tie Dye Denim,6883049078856,Denim,68.0,100% cotton,"The Ultra Baggy Tie Dye Denim Are Designed With A New Oversized Ultra Baggy Fit, Constructed From Denim With A Tie Dye Wash In Natural And Black, Featuring Standard Five Pocket Denim Details, And Finished With A Button Placket.",Black/Green,28/29/30/31/32/33/34/36/38/40/42,8
243,Ultra Baggy Sunny Jacquard Denim,6866912870472,Denim,48.0,100% cotton,"The Ultra Baggy Sunny Jacquard Denim Are Designed With A New Oversized Ultra Baggy Fit, Constructed From 100% Cotton Denim, A Multi Color Gradient Pattern, Dual Inseam And Outseam Lining Adding A Dimensional Draping, And Added Wash Giving The Fabric A Softer Texture.",Orange,28/29/30/31/32/33/34/36/38/40/42,10
244,Ultra Baggy Tower Denim,6866912804936,Denim,68.0,100% cotton,"The Ultra Baggy Tower Denim Is Designed With A New Oversized Ultra Baggy Fit, Constructed From 100% Cotton Denim With A Medium Base Wash, Gradient Spray Technique, And Dual Inseam And Outseam Lining Adding A Dimensional Draping.",Medium Blue,28/29/30/31/32/33/34/36/38/40/42,8
245,B697 Turquoise Studded Flare Denim,6866912346184,Denim,44.0,100% cotton,"The B697 Turquoise Studded Flare Denim Are Designed With Our New B Fit, Which Is Slim Through The Thigh And Features A Slight Flare At The Leg Opening. Constructed From 100% Cotton, The Turquoise Studding Along The Out-Seam Makes A Classic Blue Denim Elevated.",Blue,28/29/30/31/32/33/34/36/38/40/42,8
246,X696 Paisley Patterned Denim,6866912313416,Denim,68.0,98% cotton 2% spandex,"The X696 Paisley Patterned Denim Is Designed With Our X Fit Which Is Skinny Throughout With An Extended Inseam For Stacking, Is Constructed From A Stretch Denim With A Vintage Wash, And Is Finished With A Lasered Paisley Pattern Throughout.",Light Blue,28/29/30/31/32/33/34/36/38/40/42,9
247,V693 Turquoise Studded Work Pants,6866912116808,Bottoms,50.0,100% polyester,"The V693 Turquoise Studded Work Pants Is Designed With Our Updated V Fit Which Is More Relaxed Throughout Than Our Initial V Fit. Constructed In 100% Polyester, This Suede-Like Fabric With Turquoise Checkered Pattern Is Appealing To The Eye And Hand-Feel.",Brown,28/29/30/31/32/33/34/36/38/40/42,9
248,V691 Western Baggy Denim,6866912018504,Denim,56.0,100% cotton,"The V691 Western Baggy Denim Is Designed With Our Updated V Fit Which Is More Relaxed Throughout Than Our Initial V Fit. Constructed In 100% Cotton Fabric, This Vintage Washed Denim Includes A Distressed And Weaved Western Design Throughout While Companioned With A U-Line Stitching Around The Front And Bask Rise, Adding A Western Touch.",Blue,28/29/30/31/32/33/34/36/38/40/42,8
249,B690 Floral Embroidery Flare Denim,6866911985736,Denim,62.0,100% cotton,"The B690 Floral Embroidery Flare Denim Are Designed With Our New B Fit, Which Is Slim Through The Thigh And Features A Slight Flare At The Leg Opening. Constructed In 100% Cotton, The Black Denim Features Stunning White Floral Designs Along The Outseams. Whether Dressing Up Or Down, The Unique Floral Pattern Adds A Touch Of Elegance, While The Relaxed Fit Ensure All-Day Comfort.",Black,28/29/30/31/32/33/34/36/38/40/42,9
